constellation	ra1_hours	dec1_deg	ra2_hours	dec2_deg
And	2.064987	42.32970	1.162200	35.62060
And	1.162200	35.62060	0.655467	30.86100
And	0.655467	30.86100	0.139793	29.09040
And	0.953447	23.41760	0.788980	24.26720
And	0.788980	24.26720	0.642593	29.31180
And	0.642593	29.31180	0.655467	30.86100
And	0.655467	30.86100	0.614680	33.71930
And	0.614680	33.71930	23.635613	43.26810
And	23.635613	43.26810	23.032020	42.32600
And	23.635613	43.26810	23.673473	44.33390
And	23.673473	44.33390	23.626067	46.45820
And	1.162200	35.62060	0.945893	38.49930
And	0.945893	38.49930	0.830233	41.07890
And	0.830233	41.07890	1.158367	47.24180
And	1.158367	47.24180	1.633213	48.62820
And	23.673473	44.33390	23.767233	46.42030
Ant	9.487420	-35.95130	10.452527	-31.06780
Ant	10.452527	-31.06780	10.945293	-37.13780
Aps	14.797700	-79.04480	16.339113	-78.69570
Aps	16.339113	-78.69570	16.717960	-77.51740
Aps	16.717960	-77.51740	16.557520	-78.89710
Aqr	20.794600	-9.49580	20.877567	-8.98330
Aqr	20.877567	-8.98330	21.525980	-5.57120
Aqr	21.525980	-5.57120	22.096400	-0.31990
Aqr	22.096400	-0.31990	22.360940	-1.38730
Aqr	22.360940	-1.38730	22.480533	-0.02000
Aqr	22.480533	-0.02000	22.589273	-0.11750
Aqr	22.589273	-0.11750	22.876907	-7.57960
Aqr	22.876907	-7.57960	23.298393	-9.18250
Aqr	23.298393	-9.18250	23.157447	-21.17240
Aqr	21.525980	-5.57120	22.107287	-13.86970
Aqr	22.096400	-0.31990	22.280567	-7.78330
Aqr	22.480533	-0.02000	22.421287	1.37740
Aqr	23.382840	-20.10060	23.298393	-9.18250
Aqr	23.298393	-9.18250	23.696060	-17.81650
Aql	19.770993	10.61330	19.846387	8.86830
Aql	19.846387	8.86830	19.921887	6.40680
Aql	19.921887	6.40680	20.188413	-0.82150
Aql	20.188413	-0.82150	19.874547	1.00570
Aql	19.874547	1.00570	19.424973	3.11480
Aql	19.424973	3.11480	19.090167	13.86350
Aql	19.090167	13.86350	19.846387	8.86830
Aql	19.846387	8.86830	19.424973	3.11480
Aql	19.424973	3.11480	19.104147	-4.88260
Ara	17.423240	-56.37770	17.518307	-60.68380
Ara	17.518307	-60.68380	16.829767	-59.04140
Ara	16.829767	-59.04140	16.977000	-55.99010
Ara	16.977000	-55.99010	16.993067	-53.16040
Ara	16.993067	-53.16040	17.530693	-49.87610
Ara	17.530693	-49.87610	17.421667	-55.52990
Ari	2.833067	27.26050	2.119560	23.46240
Ari	2.119560	23.46240	1.910667	20.80800
Ari	1.910667	20.80800	1.892173	19.29390
Aur	5.992147	44.94740	5.278153	45.99800
Aur	5.278153	45.99800	5.108580	41.23450
Aur	5.108580	41.23450	4.949893	33.16610
Aur	4.949893	33.16610	5.438200	28.60750
Aur	5.438200	28.60750	5.995353	37.21260
Aur	5.995353	37.21260	5.992147	44.94740
Aur	5.992147	44.94740	5.992120	54.28470
Aur	5.992120	54.28470	5.278153	45.99800
Aur	5.278153	45.99800	5.032813	43.82330
Aur	5.032813	43.82330	5.041300	41.07580
Boo	13.787707	17.45690	13.911413	18.39770
Boo	13.911413	18.39770	14.261020	19.18240
Boo	14.261020	19.18240	14.530500	30.37140
Boo	14.530500	30.37140	14.534633	38.30830
Boo	14.534633	38.30830	15.032433	40.39060
Boo	15.032433	40.39060	15.258380	33.31480
Boo	15.258380	33.31480	14.749780	27.07420
Boo	14.749780	27.07420	14.261020	19.18240
Boo	14.261020	19.18240	14.685820	13.72830
Boo	14.534633	38.30830	14.273060	46.08830
Boo	14.273060	46.08830	14.224393	51.78790
Boo	14.224393	51.78790	14.419947	51.85070
Boo	14.419947	51.85070	14.273060	46.08830
Cae	4.513913	-44.95370	4.676033	-41.86380
Cae	4.676033	-41.86380	4.700967	-37.14430
Cae	4.700967	-37.14430	5.073447	-35.48300
Cam	4.954780	53.75210	5.056967	60.44220
Cam	5.056967	60.44220	4.900833	66.34270
Cam	4.900833	66.34270	3.839307	71.33230
Cam	3.839307	71.33230	3.825353	65.52600
Cam	3.825353	65.52600	3.484480	59.94030
Cam	4.900833	66.34270	6.314107	69.31980
Cam	6.314107	69.31980	7.001120	76.97740
Cnc	8.974787	11.85770	8.744747	18.15430
Cnc	8.744747	18.15430	8.721427	21.46850
Cnc	8.721427	21.46850	8.777773	28.76510
Cnc	8.744747	18.15430	8.275253	9.18550
CVn	12.933460	38.31490	12.562373	41.35750
CMa	6.378327	-17.95590	6.752480	-16.71610
CMa	6.752480	-16.71610	7.050407	-23.83330
CMa	7.050407	-23.83330	7.139860	-26.39320
CMa	7.139860	-26.39320	7.028653	-27.93480
CMa	7.028653	-27.93480	6.977100	-28.97210
CMa	6.977100	-28.97210	6.338553	-30.06340
CMa	7.401587	-29.30310	7.139860	-26.39320
CMa	6.752480	-16.71610	6.935620	-17.05420
CMa	6.935620	-17.05420	7.062640	-15.63330
CMa	7.062640	-15.63330	6.903167	-12.03860
CMa	6.903167	-12.03860	6.935620	-17.05420
CMi	7.655033	5.22500	7.452513	8.28930
Cap	20.294133	-12.50820	20.350187	-14.78140
Cap	20.350187	-14.78140	20.481007	-17.81370
Cap	20.481007	-17.81370	20.768260	-25.27090
Cap	20.768260	-25.27090	20.863693	-26.91910
Cap	20.863693	-26.91910	21.444453	-22.41130
Cap	21.444453	-22.41130	21.784013	-16.12730
Cap	21.784013	-16.12730	21.668180	-16.66230
Cap	21.668180	-16.66230	21.370780	-16.83450
Cap	21.370780	-16.83450	21.099120	-17.23290
Cap	21.099120	-17.23290	20.294133	-12.50820
Car	6.629353	-43.19590	6.399200	-52.69570
Car	6.399200	-52.69570	9.219993	-69.71720
Car	9.219993	-69.71720	10.228947	-70.03790
Car	10.228947	-70.03790	10.715947	-64.39450
Car	10.715947	-64.39450	10.533740	-61.68530
Car	10.533740	-61.68530	10.284713	-61.33230
Car	10.284713	-61.33230	9.284833	-59.27520
Car	9.284833	-59.27520	8.375233	-59.50950
Car	8.375233	-59.50950	7.946307	-52.98240
Car	7.946307	-52.98240	8.158873	-47.33660
Car	8.158873	-47.33660	8.745060	-54.70880
Car	8.745060	-54.70880	9.284833	-59.27520
Car	10.715947	-64.39450	11.109007	-62.42410
Car	11.109007	-62.42410	11.142780	-61.94720
Car	11.142780	-61.94720	11.210007	-60.31760
Car	11.210007	-60.31760	11.143167	-58.97500
Car	11.143167	-58.97500	10.891573	-58.85320
Car	10.891573	-58.85320	10.533740	-61.68530
Cas	1.906593	63.67010	1.430267	60.23530
Cas	1.430267	60.23530	0.945147	60.71670
Cas	0.945147	60.71670	0.675120	56.53730
Cas	0.675120	56.53730	0.152967	59.14980
Cen	11.350113	-54.49100	12.139307	-50.72240
Cen	12.139307	-50.72240	12.467327	-50.23060
Cen	12.467327	-50.23060	12.691953	-48.95990
Cen	12.691953	-48.95990	13.664793	-53.46640
Cen	13.664793	-53.46640	13.925660	-47.28840
Cen	13.925660	-47.28840	13.826940	-42.47370
Cen	13.826940	-42.47370	13.825080	-41.68770
Cen	13.825080	-41.68770	14.111373	-36.37000
Cen	14.111373	-36.37000	14.591787	-42.15780
Cen	14.591787	-42.15780	14.986027	-42.10420
Cen	13.825080	-41.68770	13.343280	-36.71230
Cen	14.659747	-60.83720	13.664793	-53.46640
Cen	13.664793	-53.46640	14.063727	-60.37300
Cen	12.467327	-50.23060	12.194200	-52.36850
Cen	12.194200	-52.36850	11.529467	-59.44210
Cep	20.493027	62.99410	20.754827	61.83880
Cep	20.754827	61.83880	21.309660	62.58560
Cep	21.309660	62.58560	21.725127	58.78000
Cep	21.725127	58.78000	22.250607	57.04360
Cep	22.250607	57.04360	22.180913	58.20130
Cep	22.180913	58.20130	22.486187	58.41520
Cep	22.486187	58.41520	22.828007	66.20040
Cep	22.828007	66.20040	23.655793	77.63230
Cep	23.655793	77.63230	21.477667	70.56070
Cep	21.477667	70.56070	21.309660	62.58560
Cep	21.477667	70.56070	22.828007	66.20040
Cet	2.721680	3.23580	2.597907	5.59320
Cet	2.597907	5.59320	2.469320	8.46010
Cet	2.469320	8.46010	2.749040	10.11410
Cet	2.749040	10.11410	2.995253	8.90740
Cet	2.995253	8.90740	3.037993	4.08970
Cet	3.037993	4.08970	2.721680	3.23580
Cet	2.721680	3.23580	2.658047	0.32850
Cet	2.658047	0.32850	2.322440	-2.97760
Cet	2.322440	-2.97760	1.857673	-10.33500
Cet	1.857673	-10.33500	1.734467	-15.93750
Cet	1.734467	-15.93750	0.726493	-17.98660
Cet	0.726493	-17.98660	0.323800	-8.82390
Cet	0.323800	-8.82390	1.143167	-10.18230
Cet	1.143167	-10.18230	1.400393	-8.18330
Cet	1.400393	-8.18330	1.857673	-10.33500
Cha	8.308767	-76.91970	10.591140	-78.60780
Cha	10.591140	-78.60780	10.754533	-80.46960
Cha	10.754533	-80.46960	12.305787	-79.31220
Cha	12.305787	-79.31220	11.993773	-78.22180
Cha	11.993773	-78.22180	10.591140	-78.60780
Cir	15.291900	-58.80120	14.708447	-64.97510
Cir	14.708447	-64.97510	15.389627	-59.32080
Col	6.368567	-33.43640	5.849333	-35.76830
Col	5.849333	-35.76830	5.660813	-34.07410
Col	5.660813	-34.07410	5.520207	-35.47050
Col	5.849333	-35.76830	5.985780	-42.81510
Com	13.166467	17.52940	13.197887	27.87820
Com	13.197887	27.87820	12.448967	28.26840
CrA	18.978713	-37.10740	19.106973	-37.06340
CrA	19.106973	-37.06340	19.157873	-37.90450
CrA	19.157873	-37.90450	19.167153	-39.34080
CrA	19.167153	-39.34080	19.139160	-40.49670
CrA	19.139160	-40.49670	19.051913	-42.09510
CrA	19.051913	-42.09510	18.826387	-43.43410
CrA	18.826387	-43.43410	18.558387	-42.31250
CrB	15.548827	31.35910	15.463813	29.10570
CrB	15.463813	29.10570	15.578133	26.71470
CrB	15.578133	26.71470	15.712380	26.29560
CrB	15.712380	26.29560	15.826567	26.06840
CrB	15.826567	26.06840	15.959793	26.87790
CrB	15.959793	26.87790	16.024047	29.85110
Crv	12.140227	-24.72890	12.168747	-22.61980
Crv	12.168747	-22.61980	12.263433	-17.54190
Crv	12.263433	-17.54190	12.497740	-16.51540
Crv	12.497740	-16.51540	12.573120	-23.39680
Crv	12.573120	-23.39680	12.168747	-22.61980
Crt	11.611367	-9.80220	11.410167	-10.85930
Crt	11.410167	-10.85930	11.322347	-14.77850
Crt	11.322347	-14.77850	10.996240	-18.29880
Crt	10.996240	-18.29880	11.194300	-22.82580
Crt	11.194300	-22.82580	11.389413	-18.78000
Crt	11.389413	-18.78000	11.414700	-17.68400
Crt	11.414700	-17.68400	11.746047	-18.35070
Crt	11.746047	-18.35070	11.933600	-17.15080
Crt	11.322347	-14.77850	11.414700	-17.68400
Cru	12.795353	-59.68880	12.252420	-58.74890
Cru	12.443307	-63.09910	12.519433	-57.11320
Cyg	21.215607	30.22690	20.770187	33.97030
Cyg	20.770187	33.97030	20.370473	40.25670
Cyg	20.370473	40.25670	19.749580	45.13080
Cyg	19.749580	45.13080	19.495100	51.72980
Cyg	19.495100	51.72980	19.285047	53.36850
Cyg	20.690533	45.28030	20.370473	40.25670
Cyg	20.370473	40.25670	19.938433	35.08340
Cyg	19.938433	35.08340	19.512020	27.95970
Del	20.553547	11.30330	20.625820	14.59510
Del	20.625820	14.59510	20.660633	15.91210
Del	20.660633	15.91210	20.777460	16.12410
Del	20.777460	16.12410	20.724313	15.07460
Del	20.724313	15.07460	20.625820	14.59510
Dor	4.267107	-51.48660	4.566607	-55.04500
Dor	4.566607	-55.04500	5.560420	-62.48980
Dor	5.560420	-62.48980	5.746213	-65.73550
Dor	5.746213	-65.73550	5.901680	-63.08960
Dor	5.901680	-63.08960	5.560420	-62.48980
Dor	5.560420	-62.48980	5.091847	-57.47270
Dor	5.091847	-57.47270	4.566607	-55.04500
Dra	17.892147	56.87260	17.943433	51.48890
Dra	17.943433	51.48890	17.507213	52.30140
Dra	17.507213	52.30140	17.537787	55.17300
Dra	17.537787	55.17300	17.892147	56.87260
Dra	17.892147	56.87260	19.209253	67.66150
Dra	19.209253	67.66150	18.345953	71.33780
Dra	18.345953	71.33780	17.146440	65.71470
Dra	17.146440	65.71470	16.399860	61.51420
Dra	16.399860	61.51420	16.031487	58.56530
Dra	16.031487	58.56530	15.415493	58.96610
Dra	15.415493	58.96610	14.073153	64.37590
Dra	14.073153	64.37590	12.558040	69.78820
Dra	12.558040	69.78820	11.523393	69.33110
Dra	18.345953	71.33780	18.350940	72.73280
Dra	19.209253	67.66150	19.802873	70.26790
Equ	21.263733	5.24780	21.241340	10.00700
Equ	21.241340	10.00700	21.172360	10.13160
Eri	5.130827	-5.08640	4.758373	-3.25470
Eri	4.758373	-3.25470	4.605320	-3.35250
Eri	4.605320	-3.35250	4.197760	-6.83760
Eri	4.197760	-6.83760	3.967160	-13.50850
Eri	3.967160	-13.50850	3.769040	-12.10160
Eri	3.769040	-12.10160	3.720807	-9.76340
Eri	3.720807	-9.76340	3.548847	-9.45830
Eri	3.548847	-9.45830	2.940460	-8.89810
Eri	2.940460	-8.89810	2.735373	-13.85870
Eri	2.735373	-13.85870	2.751720	-18.57260
Eri	2.751720	-18.57260	3.039860	-23.62450
Eri	3.039860	-23.62450	3.325280	-21.75790
Eri	3.325280	-21.75790	3.563133	-21.63290
Eri	3.563133	-21.63290	3.780800	-23.24970
Eri	3.780800	-23.24970	4.592513	-30.56230
Eri	4.592513	-30.56230	4.400613	-34.01680
Eri	4.400613	-34.01680	4.298240	-33.79830
Eri	4.298240	-33.79830	3.824233	-36.20030
Eri	3.824233	-36.20030	3.618247	-40.27450
Eri	3.618247	-40.27450	3.332127	-43.06980
Eri	3.332127	-43.06980	2.971020	-40.30470
Eri	2.971020	-40.30470	2.677787	-39.85540
Eri	2.677787	-39.85540	2.449753	-47.70380
Eri	2.449753	-47.70380	2.275160	-51.51220
Eri	2.275160	-51.51220	1.932633	-51.60890
Eri	1.932633	-51.60890	1.628567	-57.23680
For	3.201260	-28.98760	2.818173	-32.40590
For	2.818173	-32.40590	2.074847	-29.29680
Gem	6.247960	22.50680	6.382673	22.51360
Gem	6.382673	22.51360	6.732200	25.13110
Gem	6.732200	25.13110	7.185660	30.24520
Gem	7.185660	30.24520	7.576627	31.88830
Gem	7.576627	31.88830	7.755267	28.02620
Gem	7.755267	28.02620	7.598707	26.89570
Gem	7.598707	26.89570	7.335380	21.98230
Gem	7.335380	21.98230	7.068480	20.57030
Gem	7.068480	20.57030	6.628527	16.39930
Gem	6.628527	16.39930	6.754827	12.89560
Gem	7.335380	21.98230	7.301547	16.54040
Gru	23.014667	-52.75410	22.809247	-51.31690
Gru	22.809247	-51.31690	22.711127	-46.88460
Gru	22.711127	-46.88460	22.495953	-43.74920
Gru	22.495953	-43.74920	22.137220	-46.96100
Gru	22.137220	-46.96100	22.711127	-46.88460
Gru	22.487827	-43.49560	22.260253	-41.34670
Gru	22.260253	-41.34670	22.101913	-39.54340
Gru	22.101913	-39.54340	21.898813	-37.36490
Her	16.365340	19.15310	16.503667	21.48960
Her	16.503667	21.48960	16.688100	31.60270
Her	16.688100	31.60270	16.714933	38.92230
Her	16.714933	38.92230	16.568387	42.43700
Her	16.568387	42.43700	16.329013	46.31340
Her	16.329013	46.31340	16.146160	44.93490
Her	16.146160	44.93490	15.877927	42.45150
Her	16.688100	31.60270	17.004827	30.92640
Her	16.714933	38.92230	17.250787	36.80920
Her	17.937553	37.25050	17.394707	37.14590
Her	17.394707	37.14590	17.250787	36.80920
Her	17.250787	36.80920	17.004827	30.92640
Her	17.004827	30.92640	17.250533	24.83920
Her	17.250533	24.83920	17.774313	27.72070
Her	17.774313	27.72070	17.962747	29.24790
Her	17.962747	29.24790	18.125707	28.76250
Her	17.244127	14.39030	16.503667	21.48960
Hor	4.233367	-42.29440	2.709293	-50.80030
Hor	2.709293	-50.80030	2.623433	-52.54310
Hor	2.623433	-52.54310	2.677673	-54.54990
Hor	2.677673	-54.54990	3.060227	-59.73780
Hor	3.060227	-59.73780	2.979947	-64.07130
Hya	8.779587	6.41880	8.807213	5.83780
Hya	8.807213	5.83780	8.720407	3.39870
Hya	8.720407	3.39870	8.645953	3.34140
Hya	8.645953	3.34140	8.627600	5.70380
Hya	8.627600	5.70380	8.779587	6.41880
Hya	8.779587	6.41880	8.923227	5.94560
Hya	8.923227	5.94560	9.239407	2.31430
Hya	9.239407	2.31430	9.664267	-1.14280
Hya	9.664267	-1.14280	9.459787	-8.65860
Hya	9.459787	-8.65860	9.857973	-14.84660
Hya	9.857973	-14.84660	10.176467	-12.35410
Hya	10.176467	-12.35410	10.434840	-16.83630
Hya	10.434840	-16.83630	10.827080	-16.19360
Hya	10.827080	-16.19360	11.550033	-31.85760
Hya	11.550033	-31.85760	11.881813	-33.90810
Hya	11.881813	-33.90810	13.315360	-23.17150
Hya	13.315360	-23.17150	14.106193	-26.68240
Hya	14.106193	-26.68240	14.838140	-27.96040
Hyi	0.429187	-77.25420	3.787320	-74.23900
Hyi	3.787320	-74.23900	2.659820	-68.26690
Hyi	2.659820	-68.26690	2.362487	-68.65940
Hyi	2.362487	-68.65940	1.915593	-67.64730
Hyi	1.915593	-67.64730	1.979500	-61.56990
Ind	20.626120	-47.29150	20.733980	-51.92100
Ind	20.733980	-51.92100	20.913500	-58.45420
Ind	20.913500	-58.45420	21.965300	-54.99260
Ind	21.965300	-54.99260	21.331107	-53.44940
Ind	21.331107	-53.44940	20.626120	-47.29150
Lac	22.392673	52.22900	22.521527	50.28250
Lac	22.521527	50.28250	22.492173	47.70690
Lac	22.492173	47.70690	22.350427	46.53660
Lac	22.350427	46.53660	22.508127	43.12340
Lac	22.508127	43.12340	22.675240	44.27630
Lac	22.675240	44.27630	22.492173	47.70690
Lac	22.492173	47.70690	22.408607	49.47640
Lac	22.408607	49.47640	22.392673	52.22900
Lac	22.508127	43.12340	22.231313	39.71490
Lac	22.231313	39.71490	22.266160	37.74870
Leo	10.139533	11.96720	10.122207	16.76270
Leo	10.122207	16.76270	10.332873	19.84150
Leo	10.332873	19.84150	11.235140	20.52370
Leo	11.235140	20.52370	11.817660	14.57210
Leo	11.817660	14.57210	11.237333	15.42960
Leo	11.237333	15.42960	10.139533	11.96720
Leo	10.332873	19.84150	10.278173	23.41730
Leo	10.278173	23.41730	9.879393	26.00700
Leo	9.879393	26.00700	9.764187	23.77430
LMi	10.123820	35.24470	10.431893	33.79610
LMi	10.431893	33.79610	10.888527	34.21490
LMi	10.888527	34.21490	10.464720	36.70720
LMi	10.464720	36.70720	10.123820	35.24470
LMi	10.123820	35.24470	9.570387	36.39760
Lep	6.102587	-14.93530	5.940080	-14.16770
Lep	5.940080	-14.16770	5.782593	-14.82200
Lep	5.782593	-14.82200	5.545507	-17.82230
Lep	5.545507	-17.82230	5.215527	-16.20550
Lep	5.215527	-16.20550	5.091020	-22.37100
Lep	5.091020	-22.37100	5.470753	-20.75940
Lep	5.470753	-20.75940	5.741053	-22.44840
Lep	5.741053	-22.44840	5.855360	-20.87910
Lep	5.220520	-12.94130	5.215527	-16.20550
Lep	5.215527	-16.20550	5.326260	-13.17680
Lib	15.067840	-25.28200	14.847973	-16.04180
Lib	14.847973	-16.04180	15.283447	-9.38290
Lib	15.283447	-9.38290	15.592107	-14.78950
Lib	15.592107	-14.78950	15.617067	-28.13510
Lib	15.617067	-28.13510	15.644267	-29.77780
Lib	14.847973	-16.04180	15.592107	-14.78950
Lup	15.849313	-33.62720	15.662773	-34.41190
Lup	15.662773	-34.41190	15.363433	-36.26140
Lup	15.363433	-36.26140	15.356200	-40.64750
Lup	15.356200	-40.64750	14.975533	-43.13400
Lup	14.975533	-43.13400	14.698820	-47.38820
Lup	14.698820	-47.38820	15.204747	-52.09920
Lup	15.204747	-52.09920	15.308893	-47.87530
Lup	15.308893	-47.87530	15.378020	-44.68960
Lup	15.378020	-44.68960	15.585680	-41.16680
Lup	15.585680	-41.16680	16.002033	-38.39670
Lup	16.002033	-38.39670	16.109873	-36.80230
Lup	15.356200	-40.64750	15.585680	-41.16680
Lyn	6.327053	59.01100	6.954613	58.42280
Lyn	6.954613	58.42280	7.445233	49.21150
Lyn	7.445233	49.21150	8.380587	43.18810
Lyn	8.380587	43.18810	9.010660	41.78290
Lyn	9.010660	41.78290	9.314067	36.80260
Lyn	9.314067	36.80260	9.350920	34.39260
Lyr	18.746213	37.60510	18.739660	39.61270
Lyr	18.739660	39.61270	18.615647	38.78370
Lyr	18.615647	38.78370	18.746213	37.60510
Lyr	18.746213	37.60510	18.908413	36.89860
Lyr	18.908413	36.89860	18.982393	32.68960
Lyr	18.982393	32.68960	18.834667	33.36270
Lyr	18.834667	33.36270	18.746213	37.60510
Men	6.170687	-74.75300	5.531393	-76.34100
Men	5.531393	-76.34100	4.919780	-74.93690
Men	4.919780	-74.93690	5.045280	-71.31430
Mic	20.832800	-33.77970	20.808093	-43.98850
Mic	20.808093	-43.98850	21.346013	-40.80950
Mic	21.346013	-40.80950	21.298967	-32.17250
Mic	21.298967	-32.17250	21.021520	-32.25780
Mic	21.021520	-32.25780	20.832800	-33.77970
Mon	7.687453	-9.55110	8.143233	-2.98380
Mon	8.143233	-2.98380	7.197740	-0.49280
Mon	7.197740	-0.49280	6.480300	-7.03310
Mon	6.480300	-7.03310	6.247593	-6.27480
Mon	7.197740	-0.49280	6.797680	2.41220
Mon	6.797680	2.41220	6.396133	4.59290
Mon	6.396133	4.59290	6.548393	7.33300
Mon	6.548393	7.33300	6.682960	9.89580
Mus	11.760113	-66.72880	12.292853	-67.96070
Mus	12.292853	-67.96070	12.619727	-69.13560
Mus	12.619727	-69.13560	12.771333	-68.10810
Mus	12.771333	-68.10810	13.037853	-71.54890
Mus	13.037853	-71.54890	12.541113	-72.13300
Mus	12.541113	-72.13300	12.619727	-69.13560
Nor	16.108180	-45.17320	16.453067	-47.55480
Nor	16.453067	-47.55480	16.330673	-50.15550
Nor	16.330673	-50.15550	16.053580	-49.22970
Nor	16.053580	-49.22970	16.108180	-45.17320
Oct	14.448673	-83.66790	22.767640	-81.38160
Oct	22.767640	-81.38160	21.691293	-77.39000
Oct	21.691293	-77.39000	14.448673	-83.66790
Oph	17.983773	-9.77360	17.798213	2.70730
Oph	17.798213	2.70730	17.724540	4.56730
Oph	17.724540	4.56730	17.582240	12.56000
Oph	17.582240	12.56000	16.961140	9.37500
Oph	16.961140	9.37500	16.515227	1.98390
Oph	16.515227	1.98390	16.239093	-3.69430
Oph	16.239093	-3.69430	16.305360	-4.69250
Oph	16.305360	-4.69250	16.619313	-10.56710
Oph	16.619313	-10.56710	17.172967	-15.72490
Oph	16.961140	9.37500	16.619313	-10.56710
Oph	16.619313	-10.56710	16.518993	-16.61270
Oph	16.518993	-16.61270	16.450400	-18.45630
Oph	16.450400	-18.45630	16.401720	-20.03730
Oph	16.401720	-20.03730	16.426420	-23.44720
Oph	17.724540	4.56730	17.172967	-15.72490
Oph	17.172967	-15.72490	17.366827	-24.99950
Oph	17.366827	-24.99950	17.455907	-29.86700
Ori	6.126200	14.76850	5.906387	20.27620
Ori	5.906387	20.27620	6.065327	20.13850
Ori	6.065327	20.13850	6.199000	14.20880
Ori	6.199000	14.20880	6.039720	9.64730
Ori	6.039720	9.64730	5.919527	7.40710
Ori	5.919527	7.40710	5.418853	6.34970
Ori	5.418853	6.34970	4.914927	10.15080
Ori	4.975807	1.71400	4.904193	2.44070
Ori	4.904193	2.44070	4.853433	5.60510
Ori	4.853433	5.60510	4.830667	6.96130
Ori	4.830667	6.96130	4.843533	8.90020
Ori	4.843533	8.90020	4.914927	10.15080
Ori	4.914927	10.15080	4.939520	13.51450
Ori	4.939520	13.51450	5.076153	15.40410
Ori	5.076153	15.40410	5.161653	15.59720
Ori	5.242300	-8.20160	5.407947	-2.39710
Ori	5.407947	-2.39710	5.533447	-0.29910
Ori	5.533447	-0.29910	5.418853	6.34970
Ori	5.418853	6.34970	5.585633	9.93420
Ori	5.585633	9.93420	5.919527	7.40710
Ori	5.919527	7.40710	5.679313	-1.94260
Ori	5.679313	-1.94260	5.795940	-9.66960
Ori	5.679313	-1.94260	5.603560	-1.20190
Ori	5.603560	-1.20190	5.533447	-0.29910
Pav	20.427460	-56.73510	20.749307	-66.20320
Pav	20.749307	-66.20320	20.145447	-66.18210
Pav	20.145447	-66.18210	18.870287	-62.18760
Pav	18.870287	-62.18760	18.387120	-61.49390
Pav	18.387120	-61.49390	18.143007	-63.66860
Pav	18.143007	-63.66860	17.762220	-64.72390
Pav	17.762220	-64.72390	18.717260	-71.42810
Pav	18.717260	-71.42810	20.009873	-72.91050
Pav	20.009873	-72.91050	20.749307	-66.20320
Pav	20.749307	-66.20320	21.440727	-65.36620
Peg	22.166460	33.17820	22.716707	30.22120
Peg	22.716707	30.22120	23.062907	28.08280
Peg	23.062907	28.08280	0.139793	29.09040
Peg	0.139793	29.09040	0.220600	15.18360
Peg	0.220600	15.18360	23.079347	15.20530
Peg	23.079347	15.20530	22.778220	12.17290
Peg	22.778220	12.17290	22.691033	10.83140
Peg	22.691033	10.83140	22.169993	6.19790
Peg	22.169993	6.19790	21.736433	9.87500
Peg	23.079347	15.20530	23.062907	28.08280
Peg	23.062907	28.08280	22.833387	24.60160
Peg	22.833387	24.60160	22.775520	23.56570
Peg	22.775520	23.56570	22.116853	25.34510
Peg	22.116853	25.34510	21.744093	25.64500
Per	3.738647	32.28820	3.902200	31.88360
Per	3.902200	31.88360	3.982753	35.79100
Per	3.982753	35.79100	3.964233	40.01020
Per	3.964233	40.01020	3.753233	42.57850
Per	3.753233	42.57850	3.715420	47.78760
Per	3.715420	47.78760	3.608160	48.19260
Per	3.608160	48.19260	3.405380	49.86120
Per	3.405380	49.86120	3.079940	53.50640
Per	3.079940	53.50640	2.844947	55.89550
Per	2.844947	55.89550	2.904293	52.76250
Per	2.904293	52.76250	3.151113	49.61330
Per	3.151113	49.61330	3.158267	44.85750
Per	3.158267	44.85750	3.136147	40.95560
Per	3.136147	40.95560	3.188160	39.61160
Per	3.188160	39.61160	3.086273	38.84030
Per	3.086273	38.84030	2.979353	39.66270
Per	2.979353	39.66270	2.994413	41.03290
Per	2.994413	41.03290	3.136147	40.95560
Per	4.109733	50.35130	4.248293	48.40930
Per	4.248293	48.40930	4.144360	47.71250
Per	4.144360	47.71250	3.715420	47.78760
Per	3.151113	49.61330	2.736660	49.22840
Per	2.736660	49.22840	1.727680	50.68870
Phe	0.438067	-42.30600	1.101400	-46.71840
Phe	1.101400	-46.71840	1.472760	-43.31820
Phe	1.472760	-43.31820	1.520860	-49.07270
Phe	1.520860	-49.07270	1.139747	-55.24580
Phe	1.139747	-55.24580	1.101400	-46.71840
Phe	1.101400	-46.71840	0.156847	-45.74740
Phe	0.156847	-45.74740	0.438067	-42.30600
Pic	6.803180	-61.94140	5.830460	-56.16670
Pic	5.830460	-56.16670	5.788080	-51.06650
Psc	1.229153	24.58370	1.194347	30.08960
Psc	1.194347	30.08960	1.324440	27.26410
Psc	1.324440	27.26410	1.229153	24.58370
Psc	1.229153	24.58370	1.190893	21.03470
Psc	1.190893	21.03470	1.524727	15.34580
Psc	1.524727	15.34580	1.756567	9.15770
Psc	1.756567	9.15770	2.034120	2.76380
Psc	2.034120	2.76380	1.892600	3.18750
Psc	1.892600	3.18750	1.690527	5.48760
Psc	1.690527	5.48760	1.503087	6.14380
Psc	1.503087	6.14380	1.228860	7.57540
Psc	1.228860	7.57540	1.049060	7.89010
Psc	1.049060	7.89010	0.811373	7.58510
Psc	0.811373	7.58510	23.988527	6.86330
Psc	23.988527	6.86330	23.665847	5.62630
Psc	23.665847	5.62630	23.466140	6.37900
Psc	23.466140	6.37900	23.339053	5.38130
Psc	23.339053	5.38130	23.286093	3.28230
Psc	23.286093	3.28230	23.448873	1.25560
Psc	23.448873	1.25560	23.700780	1.78000
Psc	23.700780	1.78000	23.773200	3.48680
Psc	23.773200	3.48680	23.665847	5.62630
Psc	23.286093	3.28230	23.064613	3.82000
PsA	22.677593	-27.04360	22.960847	-29.62220
PsA	22.960847	-29.62220	22.932473	-32.53960
PsA	22.932473	-32.53960	22.875427	-32.87550
PsA	22.875427	-32.87550	22.525093	-32.34610
PsA	22.525093	-32.34610	22.139727	-32.98850
PsA	22.139727	-32.98850	21.749113	-33.02580
PsA	21.749113	-33.02580	21.795600	-30.89830
PsA	21.795600	-30.89830	22.139727	-32.98850
PsA	22.139727	-32.98850	22.677593	-27.04360
Pup	6.629353	-43.19590	7.285713	-37.09750
Pup	7.285713	-37.09750	7.589693	-28.36930
Pup	7.589693	-28.36930	7.647187	-26.80380
Pup	7.647187	-26.80380	7.821573	-24.85980
Pup	7.821573	-24.85980	7.947647	-22.88010
Pup	7.947647	-22.88010	8.125733	-24.30430
Pup	8.125733	-24.30430	8.059733	-40.00310
Pup	8.059733	-40.00310	8.158873	-47.33660
Pup	7.821573	-24.85980	7.801433	-25.93720
Pup	7.801433	-25.93720	7.730133	-28.95480
Pup	7.730133	-28.95480	7.589693	-28.36930
Pyx	8.059733	-40.00310	8.668373	-35.30840
Pyx	8.668373	-35.30840	8.726540	-33.18640
Pyx	8.726540	-33.18640	8.842200	-27.70980
Ret	4.240413	-62.47390	4.274733	-59.30220
Ret	4.274733	-59.30220	3.979100	-61.40020
Ret	3.979100	-61.40020	3.736660	-64.80690
Ret	3.736660	-64.80690	4.240413	-62.47390
Sge	19.668273	18.01390	19.789793	18.53430
Sge	19.789793	18.53430	19.979287	19.49210
Sge	19.684147	17.47600	19.789793	18.53430
Sgr	18.293787	-36.76170	18.402867	-34.38460
Sgr	18.402867	-34.38460	18.349900	-29.82810
Sgr	18.349900	-29.82810	18.466180	-25.42170
Sgr	18.466180	-25.42170	18.229393	-21.05880
Sgr	19.377307	-44.45900	19.398107	-40.61590
Sgr	19.398107	-40.61590	19.043533	-29.88010
Sgr	19.043533	-29.88010	18.760940	-26.99080
Sgr	18.760940	-26.99080	18.466180	-25.42170
Sgr	19.921027	-41.86830	19.995607	-35.27630
Sgr	19.995607	-35.27630	19.930653	-26.29950
Sgr	19.930653	-26.29950	19.611787	-24.88360
Sgr	19.611787	-24.88360	19.421247	-24.50860
Sgr	19.421247	-24.50860	19.259007	-25.25670
Sgr	19.259007	-25.25670	18.921093	-26.29670
Sgr	18.921093	-26.29670	18.760940	-26.99080
Sgr	18.760940	-26.99080	18.349900	-29.82810
Sgr	18.349900	-29.82810	18.096800	-30.42410
Sgr	18.096800	-30.42410	18.402867	-34.38460
Sgr	18.402867	-34.38460	19.043533	-29.88010
Sgr	19.043533	-29.88010	19.115667	-27.67040
Sgr	19.115667	-27.67040	18.921093	-26.29670
Sgr	18.921093	-26.29670	19.078053	-21.74150
Sgr	19.078053	-21.74150	19.162733	-21.02360
Sgr	19.162733	-21.02360	19.293913	-18.95290
Sgr	19.293913	-18.95290	19.361213	-17.84720
Sgr	19.361213	-17.84720	19.362120	-15.95500
Sgr	19.078053	-21.74150	18.962167	-21.10670
Sgr	18.962167	-21.10670	18.902827	-22.74480
Sgr	18.902827	-22.74480	18.921093	-26.29670
Sco	15.980867	-26.11410	16.005560	-22.62170
Sco	16.005560	-22.62170	16.090620	-19.80550
Sco	16.005560	-22.62170	16.353147	-25.59280
Sco	16.353147	-25.59280	16.490127	-26.43200
Sco	16.490127	-26.43200	16.598040	-28.21600
Sco	16.598040	-28.21600	16.836060	-34.29320
Sco	16.836060	-34.29320	16.864507	-38.04740
Sco	16.864507	-38.04740	16.909727	-42.36130
Sco	16.909727	-42.36130	17.202553	-43.23920
Sco	17.202553	-43.23920	17.621980	-42.99780
Sco	17.621980	-42.99780	17.793080	-40.12700
Sco	17.793080	-40.12700	17.708133	-39.03000
Sco	17.708133	-39.03000	17.560147	-37.10380
Scl	0.976767	-29.35740	23.815427	-28.13030
Scl	23.815427	-28.13030	23.313733	-32.53200
Scl	23.313733	-32.53200	23.549513	-37.81830
Sct	18.586787	-8.24410	18.786240	-4.74790
Sct	18.786240	-4.74790	18.704560	-9.05250
Sct	18.704560	-9.05250	18.486627	-14.56580
Sct	18.486627	-14.56580	18.586787	-8.24410
Ser	15.769793	15.42180	15.692513	19.67040
Ser	15.692513	19.67040	15.812327	18.14160
Ser	15.812327	18.14160	15.940887	15.66160
Ser	15.940887	15.66160	15.769793	15.42180
Ser	15.769793	15.42180	15.580040	10.53890
Ser	15.580040	10.53890	15.737800	6.42560
Ser	15.737800	6.42560	15.846933	4.47770
Ser	15.846933	4.47770	16.239093	-3.69430
Ser	17.172967	-15.72490	17.626447	-15.39860
Ser	17.626447	-15.39860	17.983773	-9.77360
Ser	17.983773	-9.77360	18.051367	-8.18030
Ser	18.051367	-8.18030	18.355167	-2.89880
Ser	18.355167	-2.89880	18.936993	4.20360
Sex	10.132300	-0.37160	9.875120	-8.10500
Sex	9.875120	-8.10500	10.491307	-2.73910
Sex	10.491307	-2.73910	10.504853	-0.63700
Tau	5.627413	21.14250	4.598680	16.50930
Tau	4.598680	16.50930	4.477707	15.87090
Tau	4.477707	15.87090	4.329887	15.62760
Tau	4.329887	15.62760	4.382247	17.54250
Tau	4.382247	17.54250	4.476947	19.18040
Tau	4.476947	19.18040	5.438200	28.60750
Tau	4.329887	15.62760	4.011340	12.49030
Tau	4.011340	12.49030	3.452820	9.73270
Tau	3.452820	9.73270	4.052607	5.98930
Tau	3.452820	9.73270	3.413553	9.02890
Tau	3.413553	9.02890	3.614553	0.40170
Tel	18.187153	-45.95440	18.449560	-45.96850
Tel	18.449560	-45.96850	18.480513	-49.07060
Tri	1.884693	29.57880	2.159060	34.98730
Tri	2.159060	34.98730	2.288573	33.84720
Tri	2.288573	33.84720	1.884693	29.57880
TrA	16.811080	-69.02770	15.919047	-63.43070
TrA	15.919047	-63.43070	15.315160	-68.67950
TrA	15.315160	-68.67950	16.811080	-69.02770
Tuc	22.308360	-60.25960	23.290493	-58.23570
Tuc	23.290493	-58.23570	0.525740	-62.95820
Tuc	0.525740	-62.95820	0.334520	-64.87480
Tuc	0.334520	-64.87480	23.998607	-65.57710
Tuc	23.998607	-65.57710	22.455547	-64.96640
Tuc	22.455547	-64.96640	22.308360	-60.25960
UMa	12.257100	57.03260	11.062133	61.75100
UMa	11.062133	61.75100	11.030687	56.38240
UMa	11.030687	56.38240	11.897180	53.69480
UMa	11.897180	53.69480	12.257100	57.03260
UMa	12.257100	57.03260	12.900487	55.95980
UMa	12.900487	55.95980	13.398760	54.92540
UMa	13.398760	54.92540	13.792347	49.31330
UMa	11.897180	53.69480	11.767507	47.77940
UMa	11.767507	47.77940	11.307980	33.09430
UMa	11.307980	33.09430	11.303120	31.53080
UMa	11.767507	47.77940	11.161060	44.49850
UMa	11.161060	44.49850	10.372153	41.49950
UMa	11.161060	44.49850	10.284940	42.91440
UMa	11.062133	61.75100	9.525473	63.06190
UMa	9.525473	63.06190	8.504407	60.71820
UMa	8.504407	60.71820	9.849820	59.03870
UMa	9.849820	59.03870	11.030687	56.38240
UMa	11.030687	56.38240	9.868433	54.06430
UMa	9.868433	54.06430	9.547620	51.67730
UMa	9.547620	51.67730	8.986793	48.04180
UMa	9.060427	47.15650	9.547620	51.67730
UMi	15.734313	77.79450	16.291747	75.75530
UMi	16.291747	75.75530	15.345473	71.83400
UMi	15.345473	71.83400	14.845093	74.15550
UMi	14.845093	74.15550	15.734313	77.79450
UMi	15.734313	77.79450	16.766180	82.03730
UMi	16.766180	82.03730	17.536947	86.58650
UMi	17.536947	86.58650	2.530300	89.26410
Vel	8.745060	-54.70880	9.368560	-55.01070
Vel	9.368560	-55.01070	9.947707	-54.56780
Vel	9.947707	-54.56780	10.779493	-49.42030
Vel	10.779493	-49.42030	10.245600	-42.12190
Vel	10.245600	-42.12190	9.511667	-40.46680
Vel	9.511667	-40.46680	9.133267	-43.43260
Vel	9.133267	-43.43260	8.158873	-47.33660
Vir	11.764320	6.52940	11.844920	1.76470
Vir	11.844920	1.76470	12.331767	-0.66680
Vir	12.331767	-0.66680	12.694347	-1.44940
Vir	12.694347	-1.44940	13.165833	-5.53900
Vir	13.165833	-5.53900	13.419880	-11.16130
Vir	13.419880	-11.16130	14.266907	-6.00050
Vir	14.266907	-6.00050	14.717673	-5.65820
Vir	13.036280	10.95920	12.926727	3.39750
Vir	12.926727	3.39750	12.694347	-1.44940
Vir	13.165833	-5.53900	13.578220	-0.59580
Vir	13.578220	-0.59580	14.027440	1.54450
Vir	14.027440	1.54450	14.770813	1.89290
Vol	9.040773	-66.39610	8.428940	-66.13690
Vol	8.428940	-66.13690	8.132167	-68.61710
Vol	8.132167	-68.61710	7.280507	-67.95720
Vol	7.280507	-67.95720	7.145793	-70.49890
Vol	7.145793	-70.49890	8.132167	-68.61710
Vol	8.132167	-68.61710	9.040773	-66.39610
Vul	19.270287	21.39040	19.478427	24.66490
Vul	19.478427	24.66490	19.891027	24.07960
Vul	19.891027	24.07960	20.018347	27.75360
Vul	20.018347	27.75360	20.262813	27.81420
