name	type	ra_hours	dec_deg	mag	common_name	aliases
ESO056-115	G	5.392917	-69.75611	0.3	Large Magellanic Cloud	
M45	OCl	3.791278	24.10528	1.2	Pleiades	Mel022
NGC1990	*	5.603561	-1.20192	1.7	Alnilam	
NGC3372	HII	10.752369	-59.86669	2.2	Carina Nebula	
IC1318	*	20.370469	40.25669	2.2	gam Cyg	
NGC0292	G	0.879106	-72.82861	2.3	Small Magellanic Cloud	
IC2391	OCl	8.675522	-53.03547	2.5	omi Vel Cluster	
NGC1980	Cl+N	5.590553	-5.90989	2.5	Lower Sword	
NGC6231	OCl	16.903033	-41.82425	2.6		
NGC3532	OCl	11.096617	-58.77050	3.0	Wishing Well Cluster	
NGC7114	*	21.695564	42.84181	3.0	Schmidt's Nova Cygni	
IC4592	RfN	16.199631	-19.45467	3.1		
M44	OCl	8.672833	19.67206	3.1	Beehive	NGC2632
NGC7000	HII	20.988094	44.52878	3.2	North America Nebula	
M7	OCl	17.897550	-34.79283	3.3	Ptolemy's Cluster	NGC6475
M31	G	0.712319	41.26906	3.4	Andromeda Galaxy	NGC0224
Cl399	*Ass	19.423333	20.18333	3.6	Brocchi's Cluster	
IC2944	Cl+N	11.596369	-63.01983	3.7	lam Cen Nebula	
IC4816	Nova	19.030700	-13.16183	3.7		
NGC0869	OCl	2.316267	57.11725	3.7	h Persei Cluster	
NGC0884	OCl	2.375583	57.14411	3.8	chi Persei Cluster	
NGC2516	OCl	7.968628	-60.75347	3.8		
NGC2232	OCl	6.466981	-4.84744	3.9		
NGC2264	Cl+N	6.682847	9.89547	3.9	Christmas Tree Cluster	
IC4605	Neb	16.503467	-25.11517	3.9		
NGC0771	*	2.057386	72.42089	4.0		
M42	Cl+N	5.587911	-5.38967	4.0	Great Orion Nebula	NGC1976
NGC0104	GCl	0.401489	-72.08144	4.1	47 Tuc Cluster	
NGC2362	OCl	7.311519	-24.95419	4.1		
IC4665	OCl	17.774217	5.64872	4.2		
M6	OCl	17.672431	-32.25417	4.2	Butterfly Cluster	NGC6405
NGC1499	Neb	4.054006	36.36747	4.2	California Nebula	
NGC1981	Cl+N	5.585997	-4.42506	4.2	Upper Sword	
NGC3114	OCl	10.041547	-60.13053	4.2		
IC2581	OCl	10.458097	-57.61731	4.3		
IC4604	Neb	16.425325	-23.43658	4.3	rho Oph Nebula	
M47	OCl	7.609728	-14.48261	4.4		NGC 2478,NGC2422
M24	*Ass	18.282256	-18.51456	4.5	Small Sgr Star Cloud	IC4715
M41	OCl	6.766650	-20.75422	4.5		NGC2287
IC2395	OCl	8.708364	-48.15056	4.6		
IC4756	OCl	18.647642	5.46217	4.6		
M25	OCl	18.529658	-19.11494	4.6		IC4725
M39	OCl	21.530089	48.43817	4.6		NGC7092
NGC6530	Cl+N	18.075286	-24.35806	4.6		
NGC6633	OCl	18.454231	6.50822	4.6		
NGC2547	OCl	8.169303	-49.20567	4.7		
NGC3293	OCl	10.596881	-58.22447	4.7		
NGC2542	**	8.187886	-12.92708	4.7		
NGC2239	Cl+N	6.532100	4.94294	4.8		NGC 2244
NGC2142	*	6.030675	-10.59794	4.9		
M10	GCl	16.952497	-4.09933	5.0		NGC6254
NGC1788	RfN	5.114783	-3.34097	5.0		
M35	OCl	6.151406	24.33864	5.1		NGC2168
NGC6025	OCl	16.054942	-60.43136	5.1		
NGC6397	GCl	17.678156	-53.67369	5.2		
M34	OCl	2.702056	42.74614	5.2		NGC1039
NGC2238	HII	6.511214	5.01306	5.2	Rosette Nebula	
NGC6871	OCl	20.099844	35.77725	5.2		
NGC6227	*	16.859367	-41.23053	5.2		
IC1287	RfN	18.523803	-10.79581	5.3		
NGC3766	OCl	11.603997	-61.60517	5.3	Pearl Cluster	
NGC5138	OCl	13.454225	-59.04094	5.3		
NGC5139	GCl	13.446081	-47.47686	5.3	Omega Centauri	
M4	GCl	16.393167	-26.52553	5.4		NGC6121
NGC2281	OCl	6.804956	41.07886	5.4		
NGC6087	OCl	16.314050	-57.93458	5.4	S Nor Cluster	
NGC6281	OCl	17.078139	-37.98522	5.4		
M23	OCl	17.951325	-18.98533	5.5		NGC6494
NGC5662	OCl	14.593772	-56.61808	5.5		
NGC6374	OCl	17.578483	-32.58136	5.5		NGC 6383
M19	GCl	17.043800	-26.26794	5.6		NGC6273
M37	OCl	5.871764	32.55300	5.6		NGC2099
NGC5460	OCl	14.124392	-48.34253	5.6		
NGC6067	OCl	16.219736	-54.21894	5.6		
NGC7686	OCl	23.502050	49.13411	5.6		
NGC2808	GCl	9.200706	-64.86283	5.7		
NGC0752	OCl	1.959672	37.83339	5.7		
M14	GCl	17.626711	-3.24592	5.7		NGC6402
M33	G	1.564136	30.66022	5.8	Triangulum Galaxy	NGC0598
M11	OCl	18.851664	-6.27003	5.8	Amas de l'Ecu de Sobieski	NGC6705
M13	GCl	16.694897	36.46131	5.8	Hercules Globular Cluster	NGC6205
M48	OCl	8.228661	-5.75044	5.8		NGC2548
M8	Neb	18.061464	-24.38017	5.8	Lagoon Nebula	NGC 6533,NGC6523
NGC2477	OCl	7.869383	-38.53325	5.8		
NGC6124	OCl	16.422239	-40.65369	5.8		
M21	OCl	18.070403	-22.49006	5.9		NGC6531
M50	OCl	7.044575	-8.36403	5.9		NGC2323
NGC2169	OCl	6.140097	13.96486	5.9		
NGC5281	OCl	13.776431	-62.91653	5.9		
NGC6250	Cl+N	16.965575	-45.93664	5.9		
M5	GCl	15.309375	2.08269	6.0		NGC5904
IC4703	Neb	18.315617	-13.84539	6.0	Eagle Nebula	
M16	Neb	18.313381	-13.80722	6.0	Eagle Nebula	NGC6611
M36	OCl	5.604928	34.14075	6.0		NGC1960
NGC2301	OCl	6.862583	0.45919	6.0	Great Bird Cluster	
NGC3228	OCl	10.356178	-51.72258	6.0		
NGC5316	OCl	13.899228	-61.86911	6.0		
NGC6322	OCl	17.307164	-42.93403	6.0		
NGC6605	OCl	18.272689	-15.01519	6.0		
NGC5856	**	15.122286	18.44244	6.0		
M12	GCl	16.787367	-1.94783	6.1		NGC6218
M46	OCl	7.696339	-14.81000	6.1		NGC2437
M71	GCl	19.896142	18.77839	6.1		NGC 6839,NGC6838
NGC1746	OCl	5.063942	23.76764	6.1		
NGC2669	OCl	8.772936	-52.94753	6.1		
NGC7160	OCl	21.894519	62.60331	6.1		
M22	GCl	18.606722	-23.90342	6.2		NGC6656
IC4544	Nova	15.489719	-50.58344	6.2		
M93	OCl	7.741453	-23.85308	6.2		NGC2447
NGC1545	OCl	4.348961	50.25533	6.2		
NGC1973	Neb	5.584661	-4.73178	6.2		
NGC1975	Neb	5.588300	-4.68522	6.2		
NGC6960	SNR	20.766161	30.59514	6.2	Veil Nebula	
NGC6992	SNR	20.938631	31.74275	6.2	Eastern Veil	
NGC6995	SNR	20.952989	31.23517	6.2	Eastern Veil	
IC0444	RfN	6.309444	23.31333	6.2		
M2	GCl	21.557503	-0.82331	6.2		NGC7089
NGC6049	*	16.093869	8.09625	6.3		
NGC6752	GCl	19.181050	-59.98186	6.3		NGC 6777
M15	GCl	21.499550	12.16683	6.3		NGC7078
NGC2546	OCl	8.204342	-37.59431	6.3		
NGC5617	OCl	14.495575	-60.71083	6.3		
NGC6940	OCl	20.574081	28.28272	6.3		
M3	GCl	13.703119	28.37544	6.4		NGC5272
M38	OCl	5.478469	35.85492	6.4		NGC1912
NGC0457	OCl	1.325736	58.29069	6.4	Owl Cluster	
NGC1528	OCl	4.255242	51.21147	6.4		
NGC1647	OCl	4.765436	19.09511	6.4		
NGC1662	OCl	4.808042	10.93039	6.4		
NGC6242	OCl	16.925956	-39.46094	6.4		
NGC7023	Neb	21.026561	68.16956	6.4	Iris Nebula	
NGC7243	OCl	22.252383	49.89750	6.4		
IC1851	*	2.862756	58.31431	6.4		
NGC2045	*	5.750361	12.88836	6.5		
M55	GCl	19.666500	-30.96208	6.5		NGC6809
IC1805	Cl+N	2.544864	61.45689	6.5		
IC1848	Cl+N	2.852942	60.40247	6.5		
NGC0129	OCl	0.499497	60.21117	6.5		
NGC0654	OCl	1.733175	61.88272	6.5		
NGC2354	OCl	7.234797	-25.68892	6.5		
NGC2520	OCl	8.082828	-28.14667	6.5		NGC 2527
NGC2539	OCl	8.176939	-12.82067	6.5		
NGC5822	OCl	15.072569	-54.39642	6.5		
NGC6604	OCl	18.300822	-12.24311	6.5		
M92	GCl	17.285353	43.13653	6.5		NGC6341
NGC0362	GCl	1.053953	-70.84822	6.6		
NGC2167	*	6.116267	-6.20264	6.6		
M29	OCl	20.399381	38.50767	6.6		NGC6913
NGC1444	OCl	3.824689	52.65533	6.6		
NGC3572	OCl	11.172000	-60.24836	6.6		
NGC6169	OCl	16.567953	-44.04564	6.6		
NGC6388	GCl	17.604842	-44.73561	6.6		
NGC3148	*	10.228842	50.49653	6.6		
NGC6888	HII	20.201819	38.35494	6.6	Crescent Nebula	
NGC1027	OCl	2.709739	61.59436	6.7		IC 1824
NGC1342	OCl	3.527811	37.37939	6.7		
NGC2129	OCl	6.018483	23.32217	6.7		
NGC2343	OCl	7.135222	-10.61681	6.7		
NGC2423	OCl	7.618536	-13.87150	6.7		
NGC3324	Cl+N	10.621169	-58.61956	6.7		
NGC6167	OCl	16.576383	-49.77189	6.7		
NGC6709	OCl	18.855261	10.31875	6.7		
NGC7789	OCl	23.956683	56.70828	6.7		
NGC6164	Neb	16.561622	-48.08006	6.7		
NGC6165	Neb	16.567625	-48.15050	6.7		
NGC2175	Cl+N	6.160986	20.48758	6.8		
NGC6811	OCl	19.621642	46.38883	6.8		
NGC0405	Other	1.142808	-46.66850	6.9		
IC0447	HII	6.516756	9.89744	6.9		IC 2169
IC1284	Neb	18.294342	-19.67203	6.9		
IC4651	OCl	17.413650	-49.93825	6.9		
M18	OCl	18.332914	-17.10197	6.9		NGC6613
M28	GCl	18.409136	-24.86983	6.9		NGC6626
M52	OCl	23.413444	61.59317	6.9		NGC7654
M67	OCl	8.855592	11.81194	6.9		NGC2682
NGC1502	OCl	4.130361	62.33153	6.9		
NGC2439	OCl	7.679281	-31.69242	6.9		
NGC4609	OCl	12.704675	-62.99575	6.9	Coalsack Cluster	
M81	G	9.925881	69.06531	6.9	Bode's Galaxy	NGC3031
NGC5986	GCl	15.767622	-37.78614	6.9		
M17	Neb	18.346419	-16.17153	7.0	Checkmark Nebula	NGC6618
NGC0225	OCl	0.726772	61.76694	7.0		
NGC1582	OCl	4.529664	43.78483	7.0		
NGC1807	OCl	5.179175	16.51275	7.0		
NGC1857	OCl	5.334878	39.34361	7.0		
NGC2571	OCl	8.315653	-29.74928	7.0		
NGC7063	OCl	21.406028	36.48750	7.0		
H05	OCl	12.454444	-60.77833	7.1		
M30	GCl	21.672783	-23.17908	7.1		NGC7099
Mel071	OCl	7.626000	-12.05500	7.1		
NGC0663	OCl	1.771125	61.21819	7.1		
NGC2353	OCl	7.241753	-10.26586	7.1		
NGC6823	Cl+N	19.719414	23.29994	7.1		
NGC7748	*	23.749075	69.75486	7.2		
IC5070	HII	20.850200	44.40150	7.2	Pelican Nebula	
IC5146	Cl+N	21.891322	47.26692	7.2	Cocoon Nebula	
NGC2071	Cl+N	5.785350	0.29425	7.2		
NGC2335	OCl	7.113736	-10.02864	7.2		
NGC2360	OCl	7.295311	-15.64131	7.2	Caroline's Cluster	
NGC2910	OCl	9.508061	-52.91400	7.2		
NGC4463	OCl	12.498672	-64.78967	7.2		
NGC6134	OCl	16.462917	-49.15117	7.2		
NGC6178	OCl	16.596458	-45.64375	7.2		
NGC6208	OCl	16.824497	-53.72833	7.2		
NGC6235	GCl	16.890378	-22.17744	7.2		
NGC6425	OCl	17.783800	-31.52939	7.2		
NGC7082	OCl	21.488261	47.12628	7.2		
NGC7380	Cl+N	22.789169	58.13242	7.2		
M83	G	13.616931	-29.86542	7.2	Southern Pinwheel Galaxy	NGC5236
NGC5128	G	13.424339	-43.01911	7.2	Centaurus A	
NGC1851	GCl	5.235203	-40.04661	7.2		
NGC2070	HII	5.645100	-69.10089	7.2	30 Dor Cluster	
IC3123	*	12.307664	8.06492	7.3		
IC4996	OCl	20.275908	37.55528	7.3		
M80	GCl	16.284031	-22.97511	7.3		NGC6093
NGC2251	OCl	6.577356	8.36639	7.3		
NGC2409	OCl	7.526867	-17.19042	7.3		
NGC2482	OCl	7.919547	-24.25464	7.3		
NGC6819	OCl	19.688358	40.18675	7.3	Foxhead Cluster	
NGC7293	PN	22.494047	-20.83733	7.3	Helix Nebula	
NGC2645	OCl	8.650867	-46.22731	7.3		
NGC6541	GCl	18.133981	-43.71589	7.3		
M62	GCl	17.020167	-30.11236	7.4		NGC6266
NGC6743	OCl	19.022408	29.27747	7.4		
ESO356-004	G	2.666481	-34.44919	7.4	Fornax Dwarf Spheroidal	
IC2488	OCl	9.460619	-57.00694	7.4		
M103	OCl	1.556058	60.65800	7.4		NGC0581
M27	PN	19.993439	22.72103	7.4	Dumbbell Nebula	NGC6853
NGC2384	OCl	7.419397	-21.01986	7.4		
NGC2396	OCl	7.467478	-11.71967	7.4		
NGC2567	OCl	8.309772	-30.63561	7.4		
NGC3330	OCl	10.645953	-54.13072	7.4		
NGC4103	OCl	12.110992	-61.25008	7.4		
NGC4349	OCl	12.401678	-61.87044	7.4		
NGC6200	OCl	16.735375	-47.46267	7.4		
NGC6910	OCl	20.386681	40.77861	7.4		
NGC6356	GCl	17.393053	-17.81303	7.4		
NGC6284	GCl	17.074653	-24.76433	7.4		
NGC1893	OCl	5.378928	33.41203	7.5		
NGC2286	OCl	6.794492	-3.14767	7.5		
NGC6716	OCl	18.909547	-19.90108	7.5		
NGC6755	OCl	19.130292	4.26642	7.5		
MWSC3171	GCl	19.754000	-8.00722	7.5		
NGC0957	OCl	2.555286	57.56969	7.6		
NGC1664	OCl	4.851508	43.67617	7.6		
NGC2483	OCl	7.927442	-27.88683	7.6		
NGC2506	OCl	8.000494	-10.76964	7.6		
NGC2533	OCl	8.117806	-29.88386	7.6		
NGC3247	HII	10.403889	-57.76333	7.6		
NGC3680	OCl	11.426967	-43.25011	7.6		
NGC6520	OCl	18.056706	-27.88611	7.6		
NGC6866	OCl	20.065328	44.15911	7.6		
NGC7039	OCl	21.179944	45.62181	7.6		
H20	OCl	19.885000	18.33333	7.7		
M54	GCl	18.917575	-30.47850	7.7		NGC6715
NGC1778	OCl	5.134917	37.02283	7.7		
NGC1817	OCl	5.207297	16.68408	7.7		
NGC2074	Cl+N	5.650994	-69.49811	7.7		
NGC2247	RfN	6.551444	10.32225	7.7		
NGC2252	OCl	6.578603	5.36625	7.7		
NGC2345	OCl	7.138553	-13.19375	7.7		
NGC3242	PN	10.412800	-18.64222	7.7	Jupiter's Ghost Nebula	
NGC3519	OCl	11.067436	-61.36825	7.7		
NGC5606	OCl	14.463133	-59.63225	7.7		
NGC7209	OCl	22.085511	46.48353	7.7		
NGC7234	OCl	22.206950	57.27133	7.7		NGC 7235
M53	GCl	13.215342	18.16911	7.8		NGC5024
NGC4833	GCl	12.993039	-70.87458	7.8		
NGC2670	OCl	8.758189	-48.79164	7.8		
NGC6664	OCl	18.609264	-8.22075	7.8		
NGC6834	OCl	19.870156	29.40817	7.8		
NGC6939	OCl	20.525036	60.66208	7.8		
M101	G	14.053483	54.34894	7.9		NGC5457
NGC0659	OCl	1.739719	60.66917	7.9		
NGC0744	OCl	1.974978	55.47461	7.9		
NGC2367	OCl	7.334594	-21.88408	7.9		
NGC2414	OCl	7.553556	-15.45386	7.9		
NGC2489	OCl	7.937483	-30.06083	7.9		
NGC5823	OCl	15.091842	-55.60375	7.9		
NGC6830	OCl	19.849883	23.10014	7.9		
NGC7510	OCl	23.184383	60.57089	7.9		
M68	GCl	12.657781	-26.74303	8.0		NGC4590
IC0104	**	1.409333	-1.45672	8.0		
M40	**	12.371139	58.08444	8.0		M040
M78	RfN	5.779394	0.07931	8.0		NGC2068
Mel101	OCl	10.703333	-65.10000	8.0		
NGC2374	OCl	7.398908	-13.26336	8.0		
NGC2395	OCl	7.453569	13.60819	8.0		
NGC6259	OCl	17.012611	-44.65497	8.0		NGC 6222
NGC6441	GCl	17.836900	-37.05108	8.0		
NGC6546	OCl	18.122931	-23.29622	8.0		
NGC6647	OCl	18.547039	-17.22867	8.0		
NGC6883	OCl	20.188819	35.83219	8.0		
NGC7009	PN	21.069664	-11.36325	8.0	Saturn Nebula	
NGC0188	OCl	0.790981	85.26964	8.1		
NGC3918	PN	11.838319	-57.18233	8.1	Blue Planetary	
NGC6152	OCl	16.546006	-52.64400	8.1		
NGC6572	PN	18.201725	6.85372	8.1		
M32	G	0.711619	40.86528	8.1		NGC0221
NGC0288	GCl	0.879847	-26.58989	8.1		
M110	G	0.672800	41.68531	8.2		NGC0205
M79	GCl	5.402942	-24.52422	8.2		NGC1904
NGC6584	GCl	18.310458	-52.21517	8.2		
IC2714	OCl	11.290931	-62.72511	8.2		
NGC0637	OCl	1.717531	64.03656	8.2		
NGC1907	OCl	5.467931	35.32567	8.2		
NGC2180	OCl	6.160069	4.71161	8.2		
NGC2182	RfN	6.158597	-6.32644	8.2		
NGC3496	OCl	10.992725	-60.33686	8.2		
NGC3590	OCl	11.216381	-60.78903	8.2		
NGC6204	OCl	16.769306	-47.01697	8.2		
NGC6249	OCl	16.961528	-44.81189	8.2		
NGC6451	OCl	17.844622	-30.21161	8.2		
NGC6469	OCl	17.886703	-22.27511	8.2		
NGC1968	*Ass	5.456142	-67.46383	8.2		
M94	G	12.848072	41.12044	8.2		NGC4736
NGC3201	GCl	10.293544	-46.41122	8.2		
M75	GCl	20.101344	-21.92222	8.3		NGC6864
M49	G	12.496322	8.00047	8.3		NGC4472
NGC6553	GCl	18.154856	-25.90786	8.3		
M82	G	9.931314	69.67939	8.3	Cigar Galaxy	NGC3034
NGC2420	OCl	7.639972	21.57408	8.3		
NGC2421	OCl	7.603281	-20.61225	8.3		
NGC2453	OCl	7.792814	-27.19481	8.3		
NGC2925	OCl	9.553033	-53.39597	8.3		
NGC3960	OCl	11.842558	-55.66983	8.3		
NGC6738	*Ass	19.022656	11.61561	8.3		
NGC7062	OCl	21.390967	46.37853	8.3		
NGC7662	PN	23.431639	42.53494	8.3	Copeland's Blue Snowball	
M69	GCl	18.523119	-32.34797	8.3		NGC 6634,NGC6637
NGC5286	GCl	13.774050	-51.37347	8.3		
M51	G	13.497975	47.19517	8.4	Whirlpool Galaxy	NGC5194
NGC2055	*Ass	5.612425	-69.49864	8.4		
IC2157	OCl	6.079883	24.07103	8.4		
M1	SNR	5.575547	22.01447	8.4	Crab Nebula	NGC1952
M56	GCl	19.276531	30.18450	8.4		NGC6779
NGC1245	OCl	3.244850	47.23869	8.4		
NGC1513	OCl	4.165194	49.51728	8.4		
NGC2324	OCl	7.068878	1.04461	8.4		
NGC2383	OCl	7.411083	-20.94764	8.4		
NGC2627	OCl	8.620817	-29.95042	8.4		
NGC4439	OCl	12.473986	-60.10322	8.4		
NGC5925	OCl	15.457450	-54.52878	8.4		
NGC7086	OCl	21.507653	51.60053	8.4		
NGC7261	OCl	22.335108	58.05183	8.4		
M9	GCl	17.319939	-18.51625	8.4		NGC6333
NGC2403	G	7.614278	65.60256	8.4		
NGC2215	OCl	6.347014	-7.28378	8.4		
NGC1316	G	3.378256	-37.20822	8.5	Fornax A	
M20	Neb	18.045031	-22.97189	8.5	Trifid Nebula	NGC6514
Mel105	OCl	11.328333	-63.48333	8.5		
NGC2194	OCl	6.229419	12.80667	8.5		
NGC2236	OCl	6.494361	6.83069	8.5		
NGC2331	OCl	7.116619	27.26158	8.5		
NGC6031	OCl	16.126494	-54.01494	8.5		
NGC6192	OCl	16.673297	-43.36681	8.5		
NGC6396	OCl	17.626761	-35.02586	8.5		
NGC6645	OCl	18.543861	-16.88389	8.5		
NGC7027	PN	21.117092	42.23653	8.5		
NGC7790	OCl	23.973406	61.20831	8.5		
M64	G	12.945456	21.68297	8.5	Black Eye Galaxy	NGC4826
NGC5897	GCl	15.290111	-21.01011	8.5		
NGC0055	G	0.248222	-39.19664	8.5		
IC4499	GCl	15.005347	-82.21350	8.6		
M104	G	12.666508	-11.62306	8.6	Sombrero Galaxy	NGC4594
ESO351-030	G	1.002597	-33.70903	8.6	Sculptor Dwarf Elliptical	
NGC2158	OCl	6.123781	24.09617	8.6		
NGC2204	OCl	6.258950	-18.66586	8.6		
NGC2659	OCl	8.709172	-45.00053	8.6		
NGC4815	OCl	12.966214	-64.96175	8.6		
NGC6568	OCl	18.212292	-21.62803	8.6		
M63	G	13.263703	42.02928	8.6	Sunflower Galaxy	NGC5055
NGC1261	GCl	3.204261	-55.21681	8.6		
NGC0300	G	0.914856	-37.68439	8.7		
NGC6712	GCl	18.884692	-8.70547	8.7		
NGC1269	G	3.288497	-41.10806	8.7		NGC 1291
NGC1999	RfN	5.607042	-6.71586	8.7		
NGC2186	OCl	6.201981	5.45858	8.7		
M60	G	12.727772	11.55269	8.8		NGC4649
NGC2004	GCl	5.511875	-67.28644	8.8		
NGC2100	GCl	5.702519	-69.21183	8.8		
M57	PN	18.893058	33.02858	8.8	Ring Nebula	NGC6720
NGC0189	OCl	0.659917	61.09447	8.8		
NGC0436	OCl	1.266050	58.81711	8.8		
NGC2660	OCl	8.710553	-47.20067	8.8		
NGC3033	OCl	9.809733	-56.43006	8.8		
NGC4052	OCl	12.034775	-63.22347	8.8		
NGC5749	OCl	14.814983	-54.49769	8.8		
NGC6400	OCl	17.670222	-36.94772	8.8		
NGC6802	OCl	19.509733	20.26097	8.8		
M107	GCl	16.542200	-13.05364	8.8		NGC6171
M86	G	12.436594	12.94622	8.9		NGC4406
NGC5927	GCl	15.466786	-50.67278	8.9		
NGC6362	GCl	17.531900	-67.04786	8.9		
M26	OCl	18.755183	-9.38361	8.9		NGC6694
NGC1955	HII	5.436100	-67.49739	8.9		
NGC6352	GCl	17.424767	-48.42269	8.9		
IC0342	G	3.780139	68.09636	8.9		
NGC2298	GCl	6.816444	-36.00531	8.9		
NGC1818	GCl	5.070767	-66.43450	8.9		
M73	Other	20.982214	-12.63550	8.9		NGC6994
NGC0956	OCl	2.541917	44.59347	8.9		
NGC2250	OCl	6.563856	-5.08444	8.9		
NGC2299	OCl	6.864911	-7.08272	8.9		NGC 2302
NGC4337	OCl	12.400919	-58.12378	8.9		
NGC4852	OCl	13.001219	-59.60944	8.9		
NGC6649	OCl	18.557767	-10.40281	8.9		
NGC2903	G	9.536142	21.50083	8.9		NGC 2905
M66	G	11.337489	12.99153	8.9		NGC3627
M72	GCl	20.891086	-12.53706	9.0		NGC6981
NGC1850	GCl	5.145758	-68.76167	9.0		
NGC2014	Neb	5.538853	-67.68983	9.0		
H21	OCl	23.903667	61.74000	9.0		
M43	HII	5.592050	-5.26747	9.0	Mairan's Nebula	NGC1982
M87	G	12.513728	12.39111	9.0	Virgo Galaxy	NGC4486
NGC5999	OCl	15.869064	-56.47281	9.0		
NGC6590	RfN	18.284719	-19.86606	9.0		NGC 6595,IC 4700
NGC6625	OCl	18.379806	-11.95500	9.0		
NGC6543	PN	17.975942	66.63319	9.0	Cat's Eye Nebula	
NGC6293	GCl	17.169558	-26.58175	9.0		
NGC6304	GCl	17.242364	-29.46228	9.0		
NGC6316	GCl	17.277058	-28.14003	9.0		
M85	G	12.423364	18.19150	9.1		NGC4382
NGC6946	G	20.581200	60.15392	9.1	Fireworks Galaxy	
M70	GCl	18.720178	-32.29189	9.1		NGC6681
NGC3115	G	10.087217	-7.71858	9.1	Spindle Galaxy	
IC1442	OCl	22.267036	53.99133	9.1		
IC4681	*	18.138889	-23.43203	9.1		
NGC0146	OCl	0.551094	63.30900	9.1		
NGC2112	OCl	5.895892	0.41081	9.1		
NGC2254	OCl	6.597128	7.67328	9.1		
NGC5168	OCl	13.518125	-60.93922	9.1		
NGC7031	OCl	21.120153	50.87556	9.1		
NGC3521	G	11.096828	-0.03586	9.1		
NGC6496	GCl	17.984361	-44.26631	9.2		
NGC1555	RfN	4.366508	19.53517	9.2	Hind's Nebula	
IC0127	G	1.496558	-6.98006	9.2		
IC0405	Neb	5.274856	34.35617	9.2	Flaming Star Nebula	
NGC0185	G	0.649436	48.33739	9.2		
NGC2282	HII	6.780992	1.31600	9.2		IC 2172
NGC2587	OCl	8.390022	-29.50872	9.2		
NGC2658	OCl	8.724261	-32.65622	9.2		
NGC3132	PN	10.117147	-40.43658	9.2	Eight-Burst Nebula	
NGC6704	OCl	18.846047	-5.20542	9.2		
NGC7245	OCl	22.253197	54.34256	9.2		
M96	G	10.779372	11.81994	9.2		NGC3368
NGC0247	G	0.785708	-20.76039	9.2		
NGC4631	G	12.702225	32.54150	9.2	Whale Galaxy	
NGC2050	*Ass	5.610783	-69.38353	9.2		
NGC6744	G	19.162806	-63.85753	9.2		
M105	G	10.797108	12.58161	9.3		NGC3379
M106	G	12.315972	47.30397	9.3		NGC4258
M77	G	2.711308	-0.01328	9.3		NGC1068
NGC7793	G	23.963842	-32.59103	9.3		
NGC1786	GCl	4.985506	-67.74522	9.3		
NGC0381	OCl	1.138336	61.58328	9.3		
NGC2509	OCl	8.013283	-19.05053	9.3		
NGC6818	PN	19.732703	-14.15317	9.3	Little Gem Nebula	
NGC7142	OCl	21.752642	65.77444	9.3		
M74	G	1.611597	15.78367	9.3		NGC0628
NGC1553	G	4.269575	-55.78014	9.3		
M65	G	11.315533	13.09236	9.3		NGC3623
NGC1747	OCl	4.919717	-67.16889	9.4		
NGC4697	G	12.809967	-5.80075	9.4		
NGC4725	G	12.840717	25.50081	9.4		
NGC0133	OCl	0.521378	63.35261	9.4		
NGC1360	PN	3.554069	-25.87172	9.4		
NGC1399	G	3.641397	-35.45067	9.4		
NGC1763	Cl+N	4.946997	-66.40908	9.4		
NGC2141	OCl	6.048628	10.44647	9.4		
NGC2243	OCl	6.492911	-31.28133	9.4		
NGC2440	PN	7.698711	-18.20847	9.4		
NGC4230	OCl	12.285936	-55.28614	9.4		
NGC6683	OCl	18.703881	-6.21225	9.4		
NGC7788	OCl	23.945994	61.39992	9.4		
NGC2997	G	9.760775	-31.19108	9.4		
NGC7331	G	22.617781	34.41553	9.4		
NGC4365	G	12.407856	7.31767	9.4		
IC0418	PN	5.457831	-12.69728	9.4		
NGC6826	PN	19.746697	50.52503	9.4	Blinking Planetary	
NGC3628	G	11.338047	13.58969	9.4		
M100	G	12.381897	15.82181	9.5		NGC4321
NGC1023	G	2.673336	39.06328	9.5		
NGC6569	GCl	18.227408	-31.82767	9.5		
NGC6522	GCl	18.059464	-30.03397	9.5		
NGC1313	G	3.304458	-66.49825	9.5		
NGC0559	OCl	1.492547	63.30144	9.5		
NGC2266	OCl	6.722003	26.96956	9.5		
NGC2451	OCl	7.754169	-37.96744	9.5		
NGC5189	PN	13.559142	-65.97406	9.5		IC 4274
NGC6268	OCl	17.036219	-39.72822	9.5		
NGC6791	OCl	19.348117	37.77189	9.5		
NGC4699	G	12.817286	-8.66486	9.5		
IC1613	G	1.079942	2.11778	9.5		
M90	G	12.613831	13.16294	9.5		NGC4569
NGC0330	OCl	0.938236	-72.46294	9.6		
NGC1398	G	3.647814	-26.33783	9.6		
NGC3621	G	11.304586	-32.81406	9.6		
M59	G	12.700622	11.64703	9.6		NGC4621
NGC5824	GCl	15.066289	-33.06814	9.6		
NGC2042	OCl	5.602661	-68.92344	9.6		
NGC5195	G	13.499886	47.26614	9.6		
NGC2060	SNR	5.629694	-69.17167	9.6		
NGC4526	G	12.567525	7.69953	9.6		NGC 4560
IC4678	Neb	18.109297	-23.95444	9.6		
NGC1496	OCl	4.075525	52.66139	9.6		
NGC1535	PN	4.237714	-12.73939	9.6		
NGC2311	OCl	6.963208	-4.61133	9.6		
NGC2479	OCl	7.918353	-17.70781	9.6		
NGC3923	G	11.850469	-28.80603	9.6		
NGC6302	PN	17.229064	-37.10314	9.6	Bug Nebula	
NGC6507	OCl	17.997442	-17.45028	9.6		
NGC7226	OCl	22.174136	55.39858	9.6		
NGC2392	PN	7.486322	20.91183	9.6	Eskimo Nebula	
NGC6144	GCl	16.453928	-26.02472	9.6		
NGC4449	G	12.469750	44.09364	9.6		
NGC1395	G	3.641597	-23.02753	9.7		
NGC1407	G	3.669961	-18.58011	9.7		
NGC1910	Cl+N	5.311964	-69.23192	9.7		
NGC6210	PN	16.741533	23.79983	9.7		
NGC4753	G	12.872808	-1.19969	9.7		
NGC6139	GCl	16.461253	-38.84975	9.7		
NGC6638	GCl	18.515625	-25.49642	9.7		
NGC2683	G	8.878147	33.42175	9.7		
NGC3585	G	11.221414	-26.75483	9.7		
NGC6453	GCl	17.847697	-34.59989	9.7		
IC4291	OCl	13.615669	-62.09311	9.7		
NGC2355	OCl	7.283128	13.74986	9.7		NGC 2356
NGC2580	OCl	8.357750	-30.29347	9.7		
NGC2867	PN	9.356936	-58.31167	9.7		
NGC3105	OCl	10.010978	-54.78769	9.7		
NGC5466	GCl	14.090933	28.53450	9.7		
NGC6589	Neb	18.282047	-19.77708	9.7		IC 4690
NGC7067	OCl	21.406422	48.00925	9.7		
NGC7128	OCl	21.732725	53.71514	9.7		
NGC7295	OCl	22.467456	52.28908	9.7		NGC 7296
NGC4125	G	12.135006	65.17414	9.7		
NGC0147	G	0.553367	48.50875	9.7		
NGC4490	G	12.510067	41.64389	9.7		
NGC1566	G	4.333450	-54.93781	9.7		
NGC1848	OCl	5.124211	-71.19536	9.7		
NGC1866	GCl	5.227528	-65.46558	9.7		
NGC1549	G	4.262536	-55.59225	9.8		
NGC6652	GCl	18.596042	-32.99031	9.8		
NGC6934	GCl	20.569858	7.40411	9.8		
NGC1097	G	2.771958	-30.27489	9.8		
M95	G	10.732694	11.70381	9.8		NGC3351
NGC4214	G	12.260881	36.32689	9.8		NGC 4228
NGC4236	G	12.278367	69.46258	9.8		
NGC6760	GCl	19.186683	1.03047	9.8		
M84	G	12.417706	12.88697	9.8		NGC4374
NGC0103	OCl	0.421222	61.32347	9.8		
NGC4494	G	12.523361	25.77525	9.8		
NGC5315	PN	13.899136	-66.51417	9.8		
NGC5715	OCl	14.724914	-57.57703	9.8		
NGC6115	OCl	16.407328	-51.94825	9.8		
M99	G	12.313778	14.41650	9.8	Coma Pinwheel	NGC4254
NGC3184	G	10.304683	41.42406	9.8		
NGC1755	GCl	4.920797	-68.20406	9.8		
NGC4372	GCl	12.429272	-72.65908	9.8		
NGC6535	GCl	18.064081	-0.29692	9.8		
NGC6229	GCl	16.783017	47.52781	9.9		
NGC2768	G	9.193750	60.03722	9.9		
M109	G	11.959994	53.37453	9.9		NGC3992
NGC1858	Cl+N	5.164428	-68.89125	9.9		
NGC3077	G	10.055297	68.73392	9.9		
NGC5102	G	13.366003	-36.63025	9.9		
NGC4535	G	12.572308	8.19775	9.9		
NGC5866	G	15.108194	55.76322	9.9		
M97	PN	11.246586	55.01903	9.9	Owl Nebula	NGC3587
NGC2972	OCl	9.669867	-50.32094	9.9		NGC 2999
NGC6544	GCl	18.122222	-24.99836	9.9		
NGC4559	G	12.599347	27.96000	9.9		
NGC1404	G	3.647756	-35.59439	9.9		
NGC4216	G	12.265122	13.14939	9.9		
NGC1380	G	3.607664	-34.97622	9.9		
NGC1761	*Ass	4.943814	-66.47886	9.9		
NGC1433	G	3.700431	-47.22208	9.9		
NGC3384	G	10.804692	12.62928	10.0		NGC 3371
NGC5053	GCl	13.274164	17.69775	10.0		
NGC5248	G	13.625561	8.88517	10.0		
NGC3344	G	10.725319	24.92222	10.0		
NGC1984	OCl	5.461364	-69.13433	10.0		
NGC4636	G	12.713842	2.68778	10.0		
NGC2269	OCl	6.721411	4.62431	10.0		
NGC2304	OCl	6.919892	17.99278	10.0		
NGC3607	G	11.281844	18.05175	10.0		
NGC6583	OCl	18.263592	-22.13764	10.0		
NGC6997	Cl+N	20.944292	44.63150	10.0		
NGC0891	G	2.375947	42.34914	10.0		
NGC6342	GCl	17.352817	-19.58742	10.0		
IC5332	G	23.574303	-36.10108	10.0		
NGC7507	G	23.202108	-28.53961	10.0		
M108	G	11.191936	55.67411	10.1		NGC3556
NGC2419	GCl	7.635542	38.87997	10.1		
NGC5634	GCl	14.493689	-5.97642	10.1		
NGC6822	G	19.749372	-14.80344	10.1	Barnard's Galaxy	IC 4895
NGC1856	GCl	5.158158	-69.12758	10.1		
NGC5068	G	13.315225	-21.03911	10.1		
M89	G	12.594392	12.55633	10.1		NGC4552
NGC4429	G	12.457364	11.10772	10.1		
NGC4976	G	13.143758	-49.50642	10.1		
NGC6101	GCl	16.430158	-72.20156	10.1		
NGC1871	Cl+N	5.231044	-67.45264	10.1		
NGC3675	G	11.435717	43.58592	10.1		
NGC4473	G	12.496908	13.42936	10.1		
M76	PN	1.705469	51.57547	10.1	Barbell Nebula	NGC 0651,NGC0650
Mel072	OCl	7.477444	-10.70000	10.1		
NGC1333	Cl+N	3.482000	31.37000	10.1		
NGC1365	G	3.560103	-36.14039	10.1		
NGC1931	Cl+N	5.523708	34.24656	10.1		
NGC2069	Neb	5.646233	-68.97439	10.1		
NGC2784	G	9.205417	-24.17261	10.1		
NGC3953	G	11.896922	52.32678	10.1		
NGC6216	OCl	16.823225	-44.73153	10.1		
NGC6440	GCl	17.814631	-20.35958	10.1		
NGC1232	G	3.162642	-20.57931	10.1		
NGC0925	G	2.454689	33.57917	10.1		
NGC6503	G	17.824008	70.14436	10.1		
NGC1532	G	4.201203	-32.87422	10.1		
NGC0720	G	1.883472	-13.73867	10.1		
NGC5322	G	13.820908	60.19053	10.1		
NGC1672	G	4.761806	-59.24719	10.2		
NGC1792	G	5.087347	-37.98075	10.2		
NGC2157	GCl	5.959661	-69.19722	10.2		
NGC2976	G	9.787628	67.91639	10.2		
IC1845	**	2.732472	-27.96892	10.2		
NGC1543	G	4.212014	-57.73797	10.2		
NGC4293	G	12.353581	18.38239	10.2		
NGC4762	G	12.882236	11.23081	10.2		
NGC2841	G	9.367397	50.97653	10.2		
NGC4244	G	12.291572	37.80711	10.2		
NGC5846	G	15.108133	1.60561	10.2		
NGC5882	PN	15.280556	-45.64931	10.2		IC 1108
NGC7424	G	22.955103	-41.07058	10.2		
NGC1514	PN	4.154708	30.77592	10.2		
IC0434	HII	5.683578	-2.45378	10.2	Flame Nebula	
IC4406	PN	14.374022	-44.15019	10.2		
NGC1845	*Ass	5.095836	-70.58161	10.2		
NGC2245	RfN	6.544792	10.15664	10.2		
NGC2432	OCl	7.681631	-19.06908	10.2		
NGC2455	OCl	7.816278	-21.29794	10.2		
NGC4038	G	12.031392	-18.86761	10.2	Antennae Galaxies	
NGC4414	G	12.440861	31.22353	10.2		
NGC6253	OCl	16.984758	-52.70881	10.2		
NGC7635	HII	23.346000	61.21236	10.2	Bubble Nebula	
NGC1808	G	5.128428	-37.51306	10.2		
NGC4278	G	12.335228	29.28075	10.2		
NGC5363	G	13.935336	5.25478	10.2		
NGC0936	G	2.460406	-1.15628	10.2		
NGC3489	G	11.005158	13.90122	10.2		
IC0136	*Ass	1.571122	30.56206	10.2		
NGC4039	G	12.031531	-18.88619	10.2	Antennae Galaxies	
IC0356	G	4.129697	69.81244	10.2		
NGC1574	G	4.366339	-56.97475	10.2		
NGC2775	G	9.172256	7.03794	10.2		
NGC6642	GCl	18.531728	-23.47614	10.2		
M61	G	12.365250	4.47364	10.2		NGC4303
NGC2134	GCl	5.866028	-71.09758	10.2		
NGC4459	G	12.483336	13.97836	10.2		
NGC0488	G	1.363014	5.25672	10.3		
NGC4605	G	12.666494	61.60919	10.3		
NGC3377	G	10.795092	13.98592	10.3		
NGC6300	G	17.283186	-62.82056	10.3		
NGC1970	OCl	5.447964	-68.83667	10.3		
NGC5253	G	13.665544	-31.64011	10.3		
NGC6517	GCl	18.030664	-8.95950	10.3		
NGC4395	G	12.430239	33.54692	10.3		
NGC1806	GCl	5.036769	-67.98575	10.3		
IC2553	PN	10.155797	-62.61369	10.3		
M58	G	12.628756	11.81819	10.3		NGC4579
NGC0772	G	1.988772	19.00753	10.3		
NGC1974	OCl	5.466394	-67.42414	10.3		NGC 1991
NGC4696	G	12.813681	-41.31083	10.3		
NGC6287	GCl	17.085928	-22.70800	10.3		
NGC0134	G	0.506103	-33.24403	10.3		
NGC0908	G	2.384603	-21.23386	10.3		
NGC1350	G	3.518922	-33.62864	10.3		
NGC2037	OCl	5.583508	-69.73158	10.3		
NGC4477	G	12.500611	13.63661	10.3		
NGC5061	G	13.301408	-26.83722	10.3		
M88	G	12.533100	14.42039	10.3		NGC4501
NGC2164	GCl	5.982294	-68.51589	10.3		
IC0010	G	0.338150	59.30378	10.3		
NGC0524	G	1.413256	9.53883	10.3		
NGC0584	G	1.522431	-6.86806	10.3		IC 1712
NGC0613	G	1.571714	-29.41836	10.3		
NGC6717	GCl	18.918344	-22.70161	10.3		
NGC1332	G	3.438125	-21.33522	10.4		
NGC2041	GCl	5.607792	-66.98978	10.4		
NGC3938	G	11.880403	44.12072	10.4		
UGC05470	G	10.141139	12.30639	10.4	Leo I	
NGC1340	G	3.472131	-31.06817	10.4		NGC 1344
NGC1512	G	4.065078	-43.34886	10.4		
NGC1617	G	4.527647	-54.60228	10.4		
NGC3941	G	11.882044	36.98633	10.4		
NGC5907	G	15.264936	56.32878	10.4		NGC 5906
NGC1916	GCl	5.310131	-69.40681	10.4		
NGC2613	G	8.556344	-22.97367	10.4		
NGC3198	G	10.331931	45.54961	10.4		
NGC1854	GCl	5.155525	-68.84736	10.4		
NGC2655	G	8.927147	78.22308	10.4		
IC2448	PN	9.118406	-69.94183	10.4		
IC2501	PN	9.646439	-60.09186	10.4		
PGC088608	G	10.217472	-1.61472	10.4	Sextans Dwarf Spheroidal	
NGC3640	G	11.351903	3.23483	10.4		
NGC5247	G	13.634178	-17.88403	10.4		
NGC2080	HII	5.662728	-69.64411	10.4		
NGC3557	G	11.166011	-37.53917	10.4		
NGC3631	G	11.350797	53.16956	10.4		
NGC4274	G	12.330719	29.61447	10.4		
IC5267	G	22.953769	-43.39614	10.4		
NGC2015	*Ass	5.535136	-69.24303	10.4		
NGC2122	Cl+N	5.814586	-70.07008	10.4		
NGC0045	G	0.234442	-23.18208	10.4		
NGC1873	Cl+N	5.232131	-67.33436	10.4		
NGC1326	G	3.399000	-36.46467	10.4		
IC2574	G	10.473189	68.41214	10.5	Coddington's Nebula	
NGC4596	G	12.665542	10.17614	10.5		
NGC5101	G	13.362844	-27.43053	10.5		
NGC7006	GCl	21.024792	16.18753	10.5		
NGC1947	G	5.446558	-63.76003	10.5		
NGC4656 NED01	G	12.732686	32.17025	10.5		
NGC7217	G	22.131219	31.35933	10.5		
NGC4517	G	12.545997	0.11503	10.5		NGC 4437
NGC4536	G	12.574181	2.18814	10.5		
NGC4754	G	12.871528	11.31389	10.5		
NGC7492	GCl	23.140744	-15.61147	10.5		
NGC3726	G	11.555867	47.02919	10.5		
NGC4654	G	12.732383	13.12667	10.5		
NGC5084	G	13.338033	-21.82758	10.5		
NGC5206	G	13.562217	-48.15117	10.5		
IC2165	PN	6.361861	-12.98722	10.5		
IC2206	*	7.763997	-34.33017	10.5		
IC4997	PN	20.335778	16.73167	10.5		
NGC0419	GCl	1.138103	-72.88350	10.5		
NGC1782	OCl	4.964192	-69.39219	10.5		
NGC1934	Cl+N	5.363303	-67.93717	10.5		
NGC2262	OCl	6.660578	1.14364	10.5		
NGC2309	OCl	6.934336	-7.17431	10.5		
NGC4527	G	12.569006	2.65367	10.5		
NGC4664	G	12.751664	3.05578	10.5		NGC 4624,4665
NGC6684	G	18.816078	-65.17344	10.5		
NGC6790	PN	19.382472	1.51333	10.5		
NGC6891	PN	20.252456	12.70436	10.5		
IC4296	G	13.610842	-33.96583	10.5		
NGC2985	G	9.839508	72.27864	10.5		
NGC4030	G	12.006564	-1.10008	10.5		
NGC5566	G	14.338858	3.93375	10.5		
NGC1300	G	3.328078	-19.41136	10.5		
NGC5364	G	13.936667	5.01447	10.5		NGC 5317
NGC3412	G	10.848133	13.41214	10.5		
NGC5813	G	15.019786	1.70197	10.5		
IC1459	G	22.952947	-36.46222	10.5		IC 5265
NGC3109	G	10.051911	-26.15958	10.5		
NGC6221	G	16.879467	-59.21861	10.5		
NGC0404	G	1.157506	35.71814	10.6		
NGC3359	G	10.776906	63.22422	10.6		
NGC5746	G	14.748867	1.95500	10.6		
NGC7049	G	21.316750	-48.56217	10.6		
ESO097-013	G	14.219431	-65.33922	10.6	Circinus Galaxy	
IC4868	**	19.559278	-45.89269	10.6		
NGC2217	G	6.361050	-27.23375	10.6		
NGC3486	G	11.006631	28.97514	10.6		
NGC4096	G	12.100314	47.47844	10.6		
NGC4314	G	12.375506	29.89589	10.6		
NGC4457	G	12.483058	3.57058	10.6		
NGC4546	G	12.591531	-3.79319	10.6		
NGC1951	OCl	5.435228	-66.59725	10.6		
NGC2011	OCl	5.538947	-67.52314	10.6		
NGC2044	*Ass	5.601717	-69.19867	10.6		
NGC2663	G	8.752292	-33.79475	10.6		
NGC4958	G	13.096911	-8.02028	10.6		
NGC6868	G	20.165019	-48.37956	10.6		
IC0143	HII	1.569703	30.77642	10.6		
IC3568	PN	12.551883	82.56392	10.6		
IC4191	PN	13.146453	-67.64375	10.6		
NGC1055	G	2.695897	0.44317	10.6		
NGC1084	G	2.766642	-7.57847	10.6		
NGC1559	G	4.293269	-62.78367	10.6		
NGC1835	GCl	5.085161	-69.40386	10.6		
NGC4088	G	12.092831	50.53903	10.6		
NGC4442	G	12.467744	9.80372	10.6		
NGC6404	OCl	17.660378	-33.24672	10.6		
NGC6756	OCl	19.145158	4.70578	10.6		
NGC6857	HII	20.030036	33.52592	10.6		
NGC7814	G	0.054136	16.14542	10.6		
NGC1767	OCl	4.940917	-69.40056	10.6		
NGC1948	Cl+N	5.429511	-66.26681	10.6		
NGC3166	G	10.229333	3.42472	10.6		
NGC4105	G	12.111325	-29.76022	10.6		
NGC4856	G	12.989242	-15.04217	10.6		
NGC1302	G	3.330883	-26.06044	10.6		
NGC2442	G	7.606622	-69.53083	10.6		NGC 2443
NGC3608	G	11.283042	18.14869	10.6		
NGC3893	G	11.810608	48.71083	10.6		
NGC6384	G	17.540083	7.06028	10.6		
NGC2835	G	9.298031	-22.35467	10.6		
NGC2986	G	9.737789	-21.27800	10.6		
NGC5078	G	13.330550	-27.41039	10.6		
NGC7727	G	23.664922	-12.29278	10.6		
NGC1533	G	4.164400	-56.11844	10.7		
NGC3962	G	11.911139	-13.97503	10.7		
NGC4643	G	12.722261	1.97828	10.7		
NGC4698	G	12.806364	8.48739	10.7		
NGC6528	GCl	18.080447	-30.05578	10.7		
NGC1367	G	3.583706	-24.93322	10.7		NGC 1371
NGC3136	G	10.096711	-67.37797	10.7		
IC5152	G	22.044864	-51.29644	10.7		
NGC2336	G	7.451125	80.17808	10.7		
NGC5033	G	13.224297	36.59394	10.7		
NGC2146	G	6.310475	78.35703	10.7		
NGC6325	GCl	17.299797	-23.76603	10.7		
IC1297	PN	19.289833	-39.61306	10.7		
IC1470	HII	23.086169	60.24408	10.7		
IC4593	PN	16.195694	12.07139	10.7		
NGC1425	G	3.703186	-29.89333	10.7		
NGC1605	OCl	4.581189	45.27139	10.7		
NGC1978	GCl	5.479203	-66.23592	10.7		
NGC2136	GCl	5.882708	-69.49275	10.7		
NGC3211	PN	10.297364	-62.67006	10.7		
NGC3718	G	11.543014	53.06792	10.7		
NGC6005	OCl	15.930194	-57.43739	10.7		
NGC6644	PN	18.542981	-25.12936	10.7		
NGC7008	PN	21.009111	54.54319	10.7		
NGC3079	G	10.032722	55.67978	10.7		
NGC4710	G	12.827453	15.16544	10.7		
NGC4936	G	13.071358	-30.52625	10.7		
NGC5005	G	13.182286	37.05919	10.7		
NGC6401	GCl	17.643592	-23.90878	10.7		
NGC1537	G	4.227975	-31.64542	10.7		
NGC3898	G	11.820936	56.08436	10.7		
NGC5946	GCl	15.591269	-50.65972	10.7		IC 4550
NGC2098	OCl	5.708619	-68.27317	10.7		
NGC4147	GCl	12.168381	18.54214	10.7		NGC 4153
NGC4589	G	12.623608	74.19192	10.7		
NGC1387	G	3.615850	-35.50664	10.8		
NGC3245	G	10.455108	28.50744	10.8		
NGC3810	G	11.682989	11.47114	10.8		
NGC3945	G	11.887147	60.67556	10.8		
NGC4666	G	12.752386	-0.46189	10.8		
UGC04305	G	8.318050	70.72003	10.8		
NGC1735	OCl	4.905461	-67.09956	10.8		
NGC1774	OCl	4.968578	-67.24233	10.8		
PGC000143	G	0.032822	-15.46092	10.8	Wolf-Lundmark-Melotte	
NGC0821	G	2.139206	10.99492	10.8		
NGC3610	G	11.307019	58.78628	10.8		
NGC4251	G	12.302292	28.17539	10.8		
NGC5266	G	13.717253	-48.16942	10.8		
NGC5419	G	14.060758	-33.97825	10.8		
IC2149	PN	5.939969	46.10478	10.8		
NGC4026	G	11.990331	50.96169	10.8		
NGC4618	G	12.692458	41.15078	10.8		IC 3667
NGC5044	G	13.256658	-16.38553	10.8		
NGC3904	G	11.820339	-29.27675	10.8		
NGC5054	G	13.282914	-16.63486	10.8		
IC4776	PN	18.764083	-33.34306	10.8		
NGC1527	G	4.140039	-47.89703	10.8		
NGC2259	OCl	6.639289	10.88361	10.8		
NGC2438	PN	7.697331	-14.73578	10.8		
NGC4568	G	12.609517	11.23889	10.8	Butterfly Galaxies	
NGC5120	OCl	13.427614	-63.45833	10.8		
NGC1201	G	3.068883	-26.06964	10.8		
NGC1967	OCl	5.445364	-69.10153	10.8		
NGC2566	G	8.312683	-25.49953	10.8		
NGC3613	G	11.310031	58.00000	10.8		
NGC4111	G	12.117536	43.06572	10.8		
NGC5838	G	15.090628	2.09933	10.8		
NGC2103	HII	5.694542	-71.33314	10.8		
NGC4651	G	12.728508	16.39339	10.8	Umbrella Galaxy	
NGC2031	GCl	5.561617	-70.98678	10.8		
NGC2083	Neb	5.666450	-69.73758	10.8		
NGC3665	G	11.412131	38.76286	10.8		
NGC4371	G	12.415397	11.70422	10.8		
NGC6876	G	20.305319	-70.85881	10.8		
M98	G	12.230081	14.90033	10.8		NGC4192
NGC2002	GCl	5.505750	-66.88500	10.8		
NGC4036	G	12.024097	61.89578	10.8		
NGC7689	G	23.554647	-54.09447	10.8		
NGC0278	G	0.867864	47.55050	10.8		
NGC1637	G	4.691161	-2.85797	10.8		
NGC5018	G	13.216953	-19.51819	10.8		
NGC2019	GCl	5.532406	-70.15958	10.9		
NGC2681	G	8.892428	51.31367	10.9		
NGC4565	G	12.605772	25.98767	10.9	Needle Galaxy	
IC3408	*	12.487719	11.87589	10.9		
NGC4350	G	12.399408	16.69342	10.9		
NGC4450	G	12.474897	17.08494	10.9		
NGC7090	G	21.608017	-54.55733	10.9		
NGC3690B	G	11.476008	58.56294	10.9		NGC 3690E
NGC1317	G	3.378969	-37.10369	10.9	Fornax B	NGC 1318
NGC1427	G	3.705394	-35.39256	10.9		
NGC2006	*Ass	5.522500	-66.96528	10.9		
NGC3338	G	10.702094	13.74700	10.9		
NGC2018	HII	5.523581	-71.06906	10.9		
NGC2078	EmN	5.660958	-69.74317	10.9		
NGC2974	G	9.709244	-3.69914	10.9		NGC 2652
NGC3169	G	10.237514	3.46608	10.9		
NGC3949	G	11.894922	47.85869	10.9		
NGC4267	G	12.329233	12.79828	10.9		
NGC5694	GCl	14.660142	-26.53833	10.9		
IC4634	PN	17.025997	-21.82597	10.9		
NGC0246	PN	0.784267	-11.87194	10.9		
NGC0376	OCl	1.064847	-72.82367	10.9		
NGC2192	OCl	6.254842	39.85522	10.9		
NGC4361	PN	12.408544	-18.78483	10.9		
NGC5576	G	14.351022	3.27100	10.9		
NGC6153	PN	16.525178	-40.25344	10.9		
NGC6884	PN	20.173250	46.46083	10.9		NGC 6766
NGC7026	PN	21.105133	47.85219	10.9		
ESO383-087	G	13.821528	-36.06344	10.9		
NGC0986	G	2.559542	-39.04506	10.9		
NGC1964	G	5.556044	-21.94578	10.9		
NGC3593	G	11.243611	12.81767	10.9		
NGC0672	G	1.798478	27.43278	10.9		
NGC1187	G	3.043775	-22.86717	10.9		
NGC1787	OCl	5.029003	-65.82331	10.9		
NGC2090	G	5.783858	-34.25061	10.9		
NGC3348	G	10.786111	72.83967	10.9		
NGC4373	G	12.421617	-39.75972	10.9		
NGC4438	G	12.462664	13.00883	10.9	Eyes	
NGC1783	GCl	4.985781	-65.98728	10.9		
NGC2214	OCl	6.215814	-68.26072	10.9		
NGC3887	G	11.784603	-16.85461	10.9		
NGC4179	G	12.214475	1.29969	10.9		
NGC4689	G	12.795989	13.76281	10.9		
IC2042	*	4.195350	-47.27008	10.9		
NGC1448	G	3.742200	-44.64483	10.9		NGC 1457
NGC2025	OCl	5.542678	-71.71550	10.9		
NGC2210	GCl	6.192044	-69.12139	10.9		
NGC2859	G	9.405147	34.51350	10.9		
NGC0596	G	1.547800	-7.03183	10.9		
M91	G	12.590681	14.49633	11.0		NGC4548
NGC1456	**	3.802292	22.55861	11.0		
NGC3223	G	10.359744	-34.26681	11.0		IC 2571
NGC4435	G	12.461247	13.07894	11.0	Eyes	
IC4329	G	13.818142	-30.29586	11.0		
NGC1600	G	4.527761	-5.08625	11.0		
NGC1772	OCl	4.947997	-69.55606	11.0		
NGC2027	OCl	5.583253	-66.91631	11.0		
NGC3705	G	11.502072	9.27664	11.0		
NGC4503	G	12.535064	11.17642	11.0		
NGC4845	G	12.966997	1.57583	11.0		NGC 4910
NGC7205	G	22.142858	-57.44258	11.0		
NGC3626	G	11.334392	18.35683	11.0		NGC 3632
NGC7457	G	23.016647	30.14494	11.0		
NGC1515	G	4.067422	-54.10006	11.0		
NGC2035	Neb	5.592000	-67.58417	11.0		
NGC4691	G	12.803786	-3.33272	11.0		
IC5148	PN	21.993111	-39.38583	11.0		IC 5150
NGC0609	OCl	1.606594	64.53658	11.0		
NGC3091	G	10.003969	-19.63697	11.0		
NGC3255	OCl	10.442044	-60.67519	11.0		
NGC3877	G	11.768806	47.49433	11.0		
NGC5850	G	15.118803	1.54425	11.0		
NGC5873	PN	15.214111	-38.12556	11.0		
NGC6563	PN	18.200694	-33.86833	11.0		
NGC6567	PN	18.229222	-19.07583	11.0		
NGC7144	G	21.878453	-48.25375	11.0		
NGC7184	G	22.044394	-20.81283	11.0		
NGC7606	G	23.317994	-8.48508	11.0		
NGC4984	G	13.149231	-15.51631	11.0		
NGC5474	G	14.083781	53.66222	11.0		
NGC7640	G	23.368494	40.84542	11.0		
NGC1087	G	2.773656	-0.49864	11.0		
NGC1379	G	3.601097	-35.44119	11.0		
NGC1834	OCl	5.086494	-69.20747	11.0		
NGC2009	OCl	5.516433	-69.18167	11.0		
NGC2640	G	8.623506	-55.12375	11.0		
NGC3193	G	10.306917	21.89397	11.0		
NGC3250	G	10.442300	-39.94394	11.0		
NGC3511	G	11.056603	-23.08678	11.0		
NGC4388	G	12.429653	12.66208	11.0		
NGC4461	G	12.484169	13.18375	11.0		NGC 4443
NGC5353	G	13.890747	40.28303	11.0		
NGC5557	G	14.307144	36.49356	11.0		
NGC5585	G	14.330056	56.72906	11.0		
NGC5921	G	15.365711	5.07053	11.0		
NGC1385	G	3.624681	-24.50031	11.0		
NGC2292	G	6.794347	-26.74625	11.0		
NGC2950	G	9.709764	58.85128	11.0		
NGC4242	G	12.291717	45.61931	11.0		
NGC4394	G	12.432092	18.21406	11.0		
NGC7582	G	23.306528	-42.37056	11.0		
NGC1052	G	2.684667	-8.25578	11.0		
NGC1860	OCl	5.177642	-68.75225	11.0		
NGC1872	GCl	5.219658	-69.31158	11.0		
NGC2293	G	6.795253	-26.75436	11.0		
NGC4469	G	12.491119	8.74992	11.0		
NGC6753	G	19.189900	-57.04956	11.0		
NGC6861	G	20.122078	-48.37022	11.0		IC 4949
NGC7418	G	22.943378	-37.03008	11.0		IC 1459
NGC1073	G	2.727922	1.37611	11.1		
NGC2855	G	9.357636	-11.90950	11.1		
NGC3189	G	10.301564	21.83231	11.1		NGC 3190
NGC6355	GCl	17.399625	-26.35342	11.1		
NGC7332	G	22.623483	23.79833	11.1		
ESO221-026	G	14.139947	-47.97047	11.1		
NGC1400	G	3.658567	-18.68808	11.1		
NGC2207	G	6.272786	-21.37267	11.1		
NGC4419	G	12.449011	15.04739	11.1		
NGC7619	G	23.337369	8.20625	11.1		
NGC0864	G	2.257678	6.00261	11.1		
NGC1986	GCl	5.460578	-69.97364	11.1		
NGC5982	G	15.644397	59.35583	11.1		
NGC4041	G	12.036722	62.13722	11.1		
NGC4608	G	12.687025	10.15567	11.1		
NGC4866	G	12.990872	14.17106	11.1		
IC2469	G	9.383628	-32.44975	11.1		
NGC0578	G	1.508081	-22.66736	11.1		
NGC3414	G	10.854503	27.97511	11.1		
NGC4100	G	12.102347	49.58269	11.1		
NGC7479	G	23.082403	12.32289	11.1		
IC2128	Cl+N	5.378936	-68.06108	11.1		
IC4662	G	17.785797	-64.64175	11.1		
NGC1487 NED01	G	3.929269	-42.36769	11.1		NGC 1487NW
NGC1711	GCl	4.843369	-69.98544	11.1		
NGC4136	G	12.154914	29.92761	11.1		
NGC4208	G	12.260933	13.90150	11.1		NGC 4212
NGC4709	G	12.834411	-41.38197	11.1		
NGC6603	OCl	18.307492	-18.40606	11.1		
NGC6905	PN	20.373053	20.10453	11.1	Blue Flash Nebula	
IC2163	G	6.274439	-21.37586	11.1		
IC5250A	G	22.788194	-65.05972	11.1		
NGC0253	G	0.792533	-25.28822	11.1	Sculptor Filament	
NGC1569	G	4.513628	64.84794	11.1		
NGC4261	G	12.323117	5.82522	11.1		
NGC4448	G	12.470953	28.62031	11.1		
NGC4570	G	12.614833	7.24664	11.1		
NGC4995	G	13.161292	-7.83342	11.1		
NGC6340	G	17.173569	72.30444	11.1		
NGC6643	G	18.329558	74.56836	11.1		
NGC0210	G	0.676394	-13.87281	11.1		
NGC2280	G	6.746975	-27.63861	11.1		
NGC2380	G	7.398542	-27.52906	11.1		NGC 2382
NGC4638	G	12.713172	11.44250	11.1		NGC 4667
NGC7145	G	21.888956	-47.88244	11.1		
NGC7626	G	23.345153	8.21697	11.1		
NGC5087	G	13.340267	-20.61100	11.1		
NGC5483	G	14.173619	-43.32461	11.1		
NGC7177	G	22.011456	17.73806	11.1		
NGC1374	G	3.587942	-35.22625	11.1		
NGC1596	G	4.460586	-55.02781	11.1		
NGC1913	OCl	5.305358	-69.53647	11.1		
NGC2549	G	8.316208	57.80306	11.1		
NGC4062	G	12.067731	31.89581	11.2		
NGC4340	G	12.393136	16.72236	11.2		
NGC7213	G	22.154531	-47.16661	11.2		
NGC1700	G	4.948975	-4.86578	11.2		
NGC2300	G	7.538881	85.70950	11.2		
NGC3078	G	9.973503	-26.92667	11.2		
NGC6215	G	16.851892	-58.99347	11.2		
NGC6907	G	20.418508	-24.80917	11.2		
NGC1255	G	3.225567	-25.72517	11.2		
NGC2366	G	7.481850	69.21578	11.2		
NGC3423	G	10.853981	5.84003	11.2		
NGC4027	G	11.991714	-19.26522	11.2		
NGC6015	G	15.857008	62.31003	11.2		
IC3370	G	12.460369	-39.33778	11.2		
NGC0289	G	0.878433	-31.20583	11.2		
NGC1831	GCl	5.104644	-64.91750	11.2		
NGC2325	G	7.044556	-28.69722	11.2		
NGC7713	G	23.604164	-37.93808	11.2		
ESO274-001	G	15.237178	-46.80794	11.2		
IC4765	G	18.788314	-63.33133	11.2		
NGC1411	G	3.645797	-44.10061	11.2		IC 1943
NGC2196	G	6.202681	-21.80594	11.2		
NGC2935	G	9.612458	-21.12814	11.2		
NGC5530	G	14.307542	-43.38858	11.2		
NGC7377	G	22.796528	-22.31211	11.2		
NGC7410	G	22.916931	-39.66133	11.2		
IC0239	G	2.607744	38.96992	11.2		
IC0443	SNR	6.277058	22.53167	11.2	Gem A	
IC1266	PN	17.759806	-46.08986	11.2		
IC2621	PN	11.005553	-65.24936	11.2		
NGC1877	Neb	5.227456	-69.38378	11.2		
NGC2371	PN	7.426294	29.49064	11.2		NGC 2372
NGC2635	OCl	8.640553	-34.77158	11.2		
NGC3646	G	11.361967	20.16956	11.2		
NGC4742	G	12.863344	-10.45472	11.2		
NGC5307	PN	13.850917	-51.20578	11.2		
NGC5701	G	14.653078	5.36347	11.2		
NGC6445	PN	17.820850	-20.00950	11.2	Little Gem	
NGC1615	G	4.600289	19.95033	11.2		
NGC0779	G	1.995078	-5.96319	11.2		
NGC0988	G	2.591042	-9.35619	11.2		
NGC5638	G	14.494550	3.23331	11.2		
NGC7723	G	23.649189	-12.96108	11.2		
ESO208-021	G	7.565625	-50.44303	11.2		
IC4889	G	19.754208	-54.34414	11.2		IC 4891
NGC1042	G	2.673325	-8.43356	11.2		
NGC4145	G	12.167089	39.88386	11.2		
NGC4417	G	12.447392	9.58425	11.2		
NGC5676	G	14.546347	49.45789	11.2		
NGC7314	G	22.596164	-26.05047	11.2		
IC2051	G	3.866897	-83.83069	11.2		
NGC3717	G	11.525553	-30.30775	11.2		
NGC4217	G	12.264139	47.09178	11.2		
NGC5170	G	13.496886	-17.96642	11.2		
NGC5812	G	15.015472	-7.45736	11.2		
NGC2133	OCl	5.857978	-71.17503	11.2		
ESO185-054	G	20.057508	-55.94717	11.2		
NGC0121	GCl	0.446736	-71.53567	11.2		
NGC1923	Cl+N	5.359461	-65.48672	11.2		
NGC2065	OCl	5.627339	-70.23647	11.2		
NGC3892	G	11.800275	-10.96206	11.2		
NGC7083	G	21.595747	-63.90283	11.2		
NGC1058	G	2.725000	37.34133	11.2		
NGC2787	G	9.321833	69.20325	11.2		
NGC7531	G	23.246806	-43.59994	11.2		
NGC0741	G	1.939175	5.62894	11.3		IC 1751
NGC1743	Neb	4.900742	-69.19861	11.3		
NGC1870	GCl	5.219417	-69.11694	11.3		
NGC3175	G	10.245031	-28.87206	11.3		
NGC4564	G	12.607494	11.43928	11.3		
NGC4902	G	13.016592	-14.51364	11.3		
NGC5792	G	14.972975	-1.09108	11.3		
IC2115	*	4.952422	-66.39019	11.3		
NGC3432	G	10.875314	36.61878	11.3		
NGC3507	G	11.057044	18.13544	11.3		
NGC4660	G	12.742217	11.19053	11.3		
NGC4941	G	13.070317	-5.55161	11.3		
NGC5377	G	13.937964	47.23569	11.3		
NGC5903	G	15.310147	-24.06858	11.3		
NGC7741	G	23.731769	26.07561	11.3		
IC5325	G	23.478731	-41.33347	11.3		
NGC5090	G	13.353561	-43.70456	11.3		
NGC7192	G	22.113933	-64.31625	11.3		
IC1029	G	14.540906	49.90461	11.3		
NGC0660	G	1.717333	13.64506	11.3		
NGC2203	GCl	6.078486	-75.43842	11.3		
NGC4157	G	12.184547	50.48467	11.3		
NGC4378	G	12.421694	4.92514	11.3		
NGC4380	G	12.422825	10.01681	11.3		
NGC4571	G	12.615661	14.21736	11.3		IC 3588
NGC6558	GCl	18.171772	-31.76347	11.3		
NGC0242	OCl	0.726050	-73.44631	11.3		
NGC1987	GCl	5.454764	-70.73736	11.3		
NGC4612	G	12.692431	7.31489	11.3		
IC2105	Cl+N	4.824072	-69.20092	11.3		
IC5217	PN	22.398806	50.96667	11.3		
NGC1511	G	3.993606	-67.63425	11.3		
NGC2003	GCl	5.515333	-66.46656	11.3		
NGC3059	G	9.835600	-73.92219	11.3		
NGC3699	PN	11.465875	-59.95806	11.3		
NGC3706	G	11.495675	-36.39131	11.3		
NGC4106	G	12.112444	-29.76831	11.3		
NGC6629	PN	18.428461	-23.20289	11.3		
NGC7013	G	21.059328	29.89747	11.3		
NGC7041	G	21.275661	-48.36356	11.3		
IC3896	G	12.945342	-50.34686	11.3		
NGC1846	GCl	5.126094	-67.46147	11.3		
NGC2096	OCl	5.704944	-68.45861	11.3		
NGC4013	G	11.975383	43.94658	11.3		
NGC4281	G	12.339311	5.38639	11.3		
IC4797	G	18.941578	-54.30578	11.3		
NGC3311	G	10.611894	-27.52833	11.3		
NGC4567	G	12.609086	11.25800	11.3	Butterfly Galaxies	
NGC5204	G	13.493475	58.41872	11.3		
NGC5308	G	13.783453	60.97317	11.3		
NGC5365	G	13.964067	-43.93131	11.3		
NGC5713	G	14.669864	-0.28897	11.3		NGC 5651
NGC6814	G	19.711289	-10.32350	11.3		
NGC0972	G	2.570383	29.31128	11.3		
NGC2559	G	8.285019	-27.45583	11.3		
NGC3780	G	11.656211	56.27067	11.3		
NGC3998	G	11.965592	55.45358	11.3		
NGC4064	G	12.069767	18.44342	11.3		
NGC4220	G	12.269919	47.88325	11.3		
NGC5268	*	13.703497	-13.85956	11.3		
NGC6482	G	17.863558	23.07194	11.3		
NGC7412	G	22.929375	-42.64203	11.3		
IC2006	G	3.907903	-35.96714	11.3		
IC5052	G	20.868214	-69.20164	11.3		
NGC2434	G	7.580878	-69.28414	11.3		
NGC3672	G	11.417353	-9.79539	11.3		
NGC4346	G	12.391094	46.99383	11.3		
NGC4772	G	12.891433	2.16839	11.3		
NGC4802	G	12.930456	-12.05531	11.3		NGC 4804
NGC4818	G	12.946917	-8.52531	11.3		
NGC1022	G	2.642419	-6.67742	11.3		
NGC1546	G	4.243483	-56.06081	11.3		
NGC2685	G	8.926308	58.73439	11.3	Helix Galaxy	
NGC4298	G	12.359100	14.60617	11.3		
NGC6925	G	20.572381	-31.98089	11.3		IC 5015
NGC7599	G	23.322539	-42.25683	11.3		IC 5308
NGC4900	G	13.010864	2.50144	11.4		
IC5201	G	22.349289	-46.03586	11.4		
IC5328	G	23.554572	-45.01597	11.4		
NGC2964	G	9.715064	31.84739	11.4		
NGC3100	G	10.011344	-31.66453	11.4		NGC 3103
NGC3319	G	10.652628	41.68667	11.4		
NGC3583	G	11.236358	48.31853	11.4		
NGC4051	G	12.052669	44.53133	11.4		
ESO265-007	G	11.130436	-46.52431	11.4		
IC4863	**	19.464358	-36.21689	11.4		
NGC1209	G	3.100839	-15.61125	11.4		
NGC2156	GCl	5.963800	-68.46081	11.4		
NGC2159	GCl	5.967744	-68.62292	11.4		
NGC5011	G	13.214406	-43.09622	11.4		
NGC5354	G	13.890750	40.30275	11.4		
NGC5898	G	15.303767	-24.09794	11.4		
NGC6703	G	18.788564	45.55064	11.4		
IC1633	G	1.165439	-45.93119	11.4		
NGC1439	G	3.747208	-21.92056	11.4		
NGC4123	G	12.136419	2.87828	11.4		
NGC4781	G	12.906597	-10.53719	11.4		
NGC6758	G	19.231206	-56.30994	11.4		
NGC6943	G	20.742706	-68.74772	11.4		
NGC6326	PN	17.346211	-51.75439	11.4		
NGC7462	G	23.046247	-40.83525	11.4		
IC2003	PN	3.939453	33.87486	11.4		
IC4214	G	13.295192	-32.10169	11.4		
NGC2822	G	9.230478	-69.64483	11.4		
NGC3239	G	10.418025	17.16358	11.4		
NGC4578	G	12.625156	9.55508	11.4		
NGC5845	G	15.100225	1.63381	11.4		
NGC6369	PN	17.489028	-23.75944	11.4	Little Ghost Nebula	
NGC6781	PN	19.307850	6.53972	11.4		
NGC6803	PN	19.521236	10.05603	11.4		
NGC6886	PN	20.211917	19.98972	11.4		
NGC6958	G	20.811831	-37.99742	11.4		
NGC0150	G	0.570967	-27.80358	11.4		
NGC0636	G	1.651814	-7.51261	11.4		
NGC1169	G	3.059653	46.38636	11.4		
NGC1453	G	3.774236	-3.96878	11.4		
NGC3258	G	10.481547	-35.60553	11.4		
NGC3261	G	10.483739	-44.65683	11.4		
NGC3268	G	10.500183	-35.32547	11.4		
NGC3301	G	10.615567	21.88214	11.4		NGC 3760
NGC4339	G	12.393042	6.08175	11.4		
NGC4981	G	13.146872	-6.77753	11.4		
ESO138-010	G	16.984153	-60.21603	11.4		
NGC4245	G	12.293547	29.60800	11.4		
NGC4291	G	12.338389	75.37083	11.4		
NGC4421	G	12.450706	15.46147	11.4		
NGC4731	G	12.850303	-6.39306	11.4		
NGC5493	G	14.191494	-5.04361	11.4		
NGC6810	G	19.726181	-58.65558	11.4		
NGC1199	G	3.060669	-15.61319	11.4		
NGC1841	GCl	4.756486	-83.99906	11.4		
NGC3087	G	9.985739	-34.22522	11.4		
NGC3686	G	11.462214	17.22419	11.4		
NGC4178	G	12.212903	10.86597	11.4		IC 3042
NGC4593	G	12.660953	-5.34425	11.4		
NGC4930	G	13.068131	-41.41158	11.4		
NGC5678	G	14.534892	57.92144	11.4		
NGC5775	G	14.899333	3.54444	11.4		
IC3318	*	12.430514	9.76281	11.4		
NGC1079	G	2.728983	-29.00336	11.4		
NGC1357	G	3.554744	-13.66414	11.4		
NGC1493	G	3.957619	-46.21069	11.4		
NGC2102	OCl	5.705692	-69.48708	11.4		
NGC3900	G	11.819294	27.02203	11.4		
NGC4478	G	12.504839	12.32856	11.4		
IC5273	G	22.990750	-37.70289	11.4		
NGC2811	G	9.269753	-16.31272	11.4		
NGC3738	G	11.596886	54.52389	11.4		
NGC4168	G	12.204797	13.20519	11.4		
NGC4487	G	12.517906	-8.05392	11.4		
NGC4889	G	13.002258	27.97700	11.4		NGC 4884
NGC7552	G	23.269656	-42.58475	11.4		IC 5294
NGC0777	G	2.004139	31.42958	11.5		
NGC1351	G	3.509717	-34.85394	11.5		
NGC1353	G	3.534172	-20.81917	11.5		
NGC4262	G	12.325158	14.87767	11.5		
NGC5831	G	15.068611	1.21992	11.5		
NGC0428	G	1.215475	0.98156	11.5		
NGC0520 NED01	G	1.409578	3.79494	11.5		
NGC0533	G	1.425378	1.75911	11.5		
NGC1381	G	3.608800	-35.29519	11.5		
NGC1426	G	3.713642	-22.10836	11.5		
NGC1962	OCl	5.438258	-68.83764	11.5		
NGC2040	Neb	5.601647	-67.56856	11.5		
NGC2075	Cl+N	5.639264	-70.68503	11.5		
NGC2525	G	8.093900	-11.42703	11.5		
NGC3108	G	10.041397	-31.67742	11.5		
NGC5350	G	13.889342	40.36394	11.5		
NGC5473	G	14.078675	54.89264	11.5		
NGC5879	G	15.162981	57.00019	11.5		
NGC7796	G	23.983269	-55.45831	11.5		
IC5181	G	22.222694	-46.01761	11.5		
NGC0337	G	0.997247	-7.57797	11.5		
NGC0410	G	1.183028	33.15189	11.5		
NGC2427	G	7.607828	-47.63556	11.5		
NGC2865	G	9.391725	-23.16144	11.5		
NGC3054	G	9.907944	-25.70344	11.5		
NGC4151	G	12.175717	39.40572	11.5		
NGC6902	G	20.407817	-43.65353	11.5		IC 4948
IC2067	Neb	4.514175	35.44617	11.5		
NGC2715	G	9.135056	78.08517	11.5		
NGC2742	G	9.125981	60.47933	11.5		
NGC3596	G	11.251725	14.78703	11.5		
NGC5643	G	14.544650	-44.17442	11.5		
NGC5938	G	15.607297	-66.85975	11.5		
IC0334	G	3.754744	76.63831	11.5		
IC3400	*	12.484139	9.40617	11.5		
IC4339	*	13.891342	37.53903	11.5		
IC5117	PN	21.541936	44.59656	11.5		
NGC0685	G	1.795225	-52.76181	11.5		
NGC1501	PN	4.116492	60.92069	11.5		
NGC1560	G	4.546969	71.88311	11.5		
NGC1704	OCl	4.832072	-69.75631	11.5		
NGC1744	G	4.999389	-26.02222	11.5		
NGC1820	OCl	5.067133	-67.26594	11.5		
NGC2276	G	7.453989	85.75456	11.5		
NGC3318	G	10.620975	-41.62756	11.5		
NGC4119	G	12.136006	10.37889	11.5		NGC 4124,IC 3011
NGC4324	G	12.385050	5.25033	11.5		
NGC5485	G	14.119819	55.00169	11.5		
NGC5962	G	15.608800	16.60778	11.5		
NGC5979	PN	15.794739	-61.21786	11.5		
NGC6309	PN	17.234528	-12.91056	11.5	Box Nebula	
NGC6741	PN	19.043611	-0.44939	11.5	Phantom Streak Nebula	
NGC7129	Cl+N	21.716397	66.11297	11.5		
ESO494-026	G	8.103081	-27.52842	11.5		
UGC05373	G	10.000028	5.33222	11.5	Sextans B	
PGC025886	G	9.180406	-8.89069	11.5		
ESO380-006	G	12.259519	-35.62975	11.5		
MWSC3156	GCl	19.695669	-33.99947	11.5		
ESO507-025	G	12.858844	-26.45208	11.6		
ESO183-030	G	18.948872	-54.54544	11.7		
PGC003853	G	1.084689	-6.21239	11.7		
ESO270-017	G	13.579806	-45.54750	11.7	Fourcade-Figueroa	
PGC029653	G	10.183556	-4.69278	11.8	Sextans A	
ESO311-012	G	7.792792	-41.45214	11.8		
ESO495-021	G	8.604203	-26.40939	11.8		
ESO556-015	G	6.351544	-20.04842	11.8		
ESO443-024	G	13.016886	-32.44131	11.8		
ESO269-057	G	13.167897	-46.43733	11.9		
ESO213-011	G	10.282089	-48.88108	11.9		
ESO358-063	G	3.771947	-34.94356	11.9		
ESO380-001	G	12.245867	-35.50981	11.9		
ESO428-011	G	7.258689	-29.35903	11.9		
MWSC3561	GCl	21.777456	-21.25261	11.9		
ESO462-015	G	20.387178	-27.71456	11.9		
ESO142-019	G	19.555267	-58.11425	11.9		
ESO373-008	G	9.555975	-33.03350	11.9		
ESO121-026	G	6.360764	-59.73992	11.9		
ESO273-014	G	14.975103	-47.69894	12.0		
ESO107-004	G	21.058228	-67.18133	12.0		
ESO390-006	GCl	16.477806	-35.35361	12.0		
ESO121-006	G	6.124961	-61.80758	12.6		
B033	DrkN	5.683056	-2.45833		Horsehead Nebula	
C009	HII	22.965000	62.51833		Cave Nebula	
C014	*Ass	2.345000	57.13750		Double Cluster	
C041	OCl	4.448333	15.86667		Hyades	
C099	DrkN	12.521944	-63.74333		Coalsack Nebula	
H13	OCl	17.064167	-48.08333			
HCG079	GGroup	15.986639	20.75861		Seyfert's Sextet	
HCG092	GGroup	22.599722	33.95833		Stephan's Quintet	
Mel111	OCl	12.418333	26.10000		Coma Star Cluster	
